ma_sp,danh_muc
SP_0,Máy ảnh
SP_1,Đồng hồ
SP_2,Áo quần
SP_3,Máy ảnh
SP_4,Máy giặt
SP_5,Giày dép
SP_6,Điện thoại
SP_7,Giày dép
SP_8,Máy giặt
SP_9,Đồng hồ
SP_10,Tủ lạnh
SP_11,Sách
SP_12,Áo quần
SP_13,Gối
SP_14,??
SP_15,Tủ lạnh
SP_16,Đồng hồ
SP_17,Đèn
SP_18,Đồng hồ
SP_19,Điện thoại
SP_20,Tủ lạnh
SP_21,Áo quần
SP_22,Áo quần
SP_23,Đồ trang trí
SP_24,Áo quần
SP_25,Đèn
SP_26,Trang sức
SP_27,Đồng hồ
SP_28,Tủ lạnh
SP_29,Gối
SP_30,Máy giặt
SP_31,Tủ lạnh
SP_32,Máy giặt
SP_33,Điện thoại
SP_34,Tủ lạnh
SP_35,Đèn
SP_36,Đồng hồ
SP_37,Máy ảnh
SP_38,Gối
SP_39,Gối
SP_40,Trang sức
SP_41,Sách
SP_42,Tủ lạnh
SP_43,Gối
SP_44,Trang sức
SP_45,Sách
SP_46,Đèn
SP_47,Trang sức
SP_48,Trang sức
SP_49,Trang sức
SP_50,Trang sức
SP_51,Gối
SP_52,Áo quần
SP_53,Điện thoại
SP_54,Sách
SP_55,Đồ trang trí
SP_56,Đồng hồ
SP_57,Gối
SP_58,Áo quần
SP_59,Đèn
SP_60,Đồ trang trí
SP_61,Gối
SP_62,Gối
SP_63,Điện thoại
SP_64,Máy giặt
SP_65,Áo quần
SP_66,Gối
SP_67,Gối
SP_68,Máy giặt
SP_69,Máy giặt
SP_70,Gối
SP_71,Sách
SP_72,Đèn
SP_73,Gối
SP_74,Máy giặt
SP_75,Điều hòa
SP_76,Gối
SP_77,Tủ lạnh
SP_78,Tủ lạnh
SP_79,Đồng hồ
SP_80,Máy ảnh
SP_81,Đồng hồ
SP_82,Gối
SP_83,Đồ trang trí
SP_84,Máy giặt
SP_85,Gối
SP_86,Laptop
SP_87,Tủ lạnh
SP_88,Trang sức
SP_89,
SP_90,Đồ trang trí
SP_91,Tủ lạnh
SP_92,Đồng hồ
SP_93,Đồ trang trí
SP_94,Máy giặt
SP_95,Gối
SP_96,Điện thoại
SP_97,Đèn
SP_98,Trang sức
SP_99,Áo quần
SP_100,Gối
SP_101,Tủ lạnh
SP_102,Máy ảnh
SP_103,Áo quần
SP_104,Tủ lạnh
SP_105,Tủ lạnh
SP_106,Máy giặt
SP_107,Đồng hồ
SP_108,Đồ trang trí
SP_109,Áo quần
SP_110,Trang sức
SP_111,Đèn
SP_112,Đèn
SP_113,Trang sức
SP_114,Máy ảnh
SP_115,Máy ảnh
SP_116,Tivi
SP_117,Đồ trang trí
SP_118,Gối
SP_119,Đèn
SP_120,Máy ảnh
SP_121,Sách
SP_122,Áo quần
SP_123,Đồng hồ
SP_124,Máy ảnh
SP_125,Gối
SP_126,Đèn
SP_127,Điện thoại
SP_128,Máy ảnh
SP_129,Máy ảnh
SP_130,Đèn
SP_131,Đèn
SP_132,Áo quần
SP_133,Đồ trang trí
SP_134,Gối
SP_135,Gối
SP_136,Máy ảnh
SP_137,Áo quần
SP_138,Áo quần
SP_139,Áo quần
SP_140,Đồ trang trí
SP_141,Đồng hồ
SP_142,Gối
SP_143,Trang sức
SP_144,Đồng hồ
SP_145,Đồ chơi
SP_146,Máy giặt
SP_147,Tủ lạnh
SP_148,Gối
SP_149,Đèn
SP_150,Máy giặt
SP_151,Đồ trang trí
SP_152,Điện thoại
SP_153,Máy ảnh
SP_154,Điện thoại
SP_155,Máy giặt
SP_156,Máy giặt
SP_157,Gối
SP_158,None
SP_159,Gối
SP_160,Đèn
SP_161,Thảm
SP_162,Trang sức
SP_163,Áo quần
SP_164,Đèn
SP_165,Đồ trang trí
SP_166,Điện thoại
SP_167,Máy ảnh
SP_168,Máy ảnh
SP_169,Áo quần
SP_170,Đèn
SP_171,Trang sức
SP_172,Điện thoại
SP_173,Giày dép
SP_174,Sách
SP_175,Trang sức
SP_176,Gối
SP_177,Giày dép
SP_178,Điện thoại
SP_179,Đồng hồ
SP_180,Điều hòa
SP_181,Đồng hồ
SP_182,Máy ảnh
SP_183,Đèn
SP_184,Máy ảnh
SP_185,Gối
SP_186,Máy ảnh
SP_187,Máy giặt
SP_188,Máy giặt
SP_189,Đồ trang trí
SP_190,Áo quần
SP_191,Giày dép
SP_192,Tivi
SP_193,Gối
SP_194,Đèn
SP_195,Máy ảnh
SP_196,Đèn
SP_197,Máy ảnh
SP_198,Tủ lạnh
SP_199,Gối
SP_200,Đồ trang trí
SP_201,Đèn
SP_202,Đồng hồ
SP_203,Đồng hồ
SP_204,Đồ trang trí
SP_205,Máy ảnh
SP_206,Gối
SP_207,Đèn
SP_208,Sách
SP_209,Máy giặt
SP_210,Laptop
SP_211,Áo quần
SP_212,??
SP_213,Máy giặt
SP_214,Sách
SP_215,Đèn
SP_216,Áo quần
SP_217,Trang sức
SP_218,Đèn
SP_219,Gối
SP_220,Máy ảnh
SP_221,Đồ trang trí
SP_222,Áo quần
SP_223,Đèn
SP_224,Tủ lạnh
SP_225,Trang sức
SP_226,Điện thoại
SP_227,Máy ảnh
SP_228,Tivi
SP_229,Đồ trang trí
SP_230,Đèn
SP_231,Gối
SP_232,Áo quần
SP_233,Gối
SP_234,Gối
SP_235,Máy ảnh
SP_236,Máy ảnh
SP_237,Trang sức
SP_238,Laptop
SP_239,
SP_240,Máy ảnh
SP_241,Áo quần
SP_242,Gối
SP_243,Máy ảnh
SP_244,Máy giặt
SP_245,Tủ lạnh
SP_246,Đồ chơi
SP_247,Điện thoại
SP_248,Đèn
SP_249,Áo quần
SP_250,Sách
SP_251,Đồng hồ
SP_252,Máy giặt
SP_253,Đèn
SP_254,Máy giặt
SP_255,Gối
SP_256,Máy giặt
SP_257,Sách
SP_258,Đèn
SP_259,Trang sức
SP_260,
SP_261,Máy ảnh
SP_262,Gối
SP_263,Máy giặt
SP_264,Máy ảnh
SP_265,Máy giặt
SP_266,Sách
SP_267,Đèn
SP_268,Áo quần
SP_269,Thảm
SP_270,Gối
SP_271,Gối
SP_272,Đồng hồ
SP_273,Máy ảnh
SP_274,Máy ảnh
SP_275,Máy giặt
SP_276,Máy ảnh
SP_277,Đồng hồ
SP_278,
SP_279,Gối
SP_280,Gối
SP_281,Đồ trang trí
SP_282,Đèn
SP_283,Máy giặt
SP_284,Gối
SP_285,Điện thoại
SP_286,Tủ lạnh
SP_287,Điện thoại
SP_288,Điều hòa
SP_289,Gối
SP_290,Gối
SP_291,Đồng hồ
SP_292,Tủ lạnh
SP_293,Đồng hồ
SP_294,Đèn
SP_295,Máy ảnh
SP_296,Đồ trang trí
SP_297,Tủ lạnh
SP_298,None
SP_299,Điện thoại
SP_300,Áo quần
SP_301,Đồng hồ
SP_302,Sách
SP_303,Tủ lạnh
SP_304,Gối
SP_305,Điều hòa
SP_306,Sách
SP_307,Laptop
SP_308,Máy ảnh
SP_309,Máy giặt
SP_310,Đồ trang trí
SP_311,Điện thoại
SP_312,Máy ảnh
SP_313,Máy ảnh
SP_314,Đèn
SP_315,Tivi
SP_316,Gối
SP_317,Áo quần
SP_318,Áo quần
SP_319,Máy giặt
SP_320,Áo quần
SP_321,Máy ảnh
SP_322,Đồng hồ
SP_323,Máy giặt
SP_324,Thảm
SP_325,Máy giặt
SP_326,Máy giặt
SP_327,Sách
SP_328,Máy giặt
SP_329,Áo quần
SP_330,Sách
SP_331,Đồng hồ
SP_332,Máy ảnh
SP_333,Máy giặt
SP_334,Áo quần
SP_335,None
SP_336,Máy ảnh
SP_337,Đèn
SP_338,Đèn
SP_339,Gối
SP_340,Thảm
SP_341,Điện thoại
SP_342,Máy ảnh
SP_343,Gối
SP_344,Sách
SP_345,Tủ lạnh
SP_346,Đồng hồ
SP_347,Đồng hồ
SP_348,Gối
SP_349,Sách
SP_350,Sách
SP_351,Máy ảnh
SP_352,Tivi
SP_353,Tủ lạnh
SP_354,Áo quần
SP_355,Máy giặt
SP_356,Tủ lạnh
SP_357,Đồng hồ
SP_358,Gối
SP_359,Tủ lạnh
SP_360,Áo quần
SP_361,Gối
SP_362,Đồng hồ
SP_363,Máy ảnh
SP_364,Gối
SP_365,Đèn
SP_366,Gối
SP_367,Máy ảnh
SP_368,
SP_369,Máy giặt
SP_370,Đồ trang trí
SP_371,Đồ trang trí
SP_372,Sách
SP_373,Sách
SP_374,Gối
SP_375,Máy ảnh
SP_376,Đồ chơi
SP_377,Đồ trang trí
SP_378,Tivi
SP_379,Đồ trang trí
SP_380,Thảm
SP_381,Gối
SP_382,Tivi
SP_383,Máy giặt
SP_384,Đồ trang trí
SP_385,Tủ lạnh
SP_386,Đèn
SP_387,Gối
SP_388,Máy giặt
SP_389,Đèn
SP_390,Tivi
SP_391,Trang sức
SP_392,Máy ảnh
SP_393,Đèn
SP_394,Đồ trang trí
SP_395,Tủ lạnh
SP_396,Áo quần
SP_397,Áo quần
SP_398,Máy ảnh
SP_399,Áo quần
SP_400,Gối
SP_401,Đồ trang trí
SP_402,Điện thoại
SP_403,Gối
SP_404,Sách
SP_405,None
SP_406,Tủ lạnh
SP_407,Gối
SP_408,Đồ trang trí
SP_409,Đồ trang trí
SP_410,Sách
SP_411,Máy ảnh
SP_412,Đèn
SP_413,Máy ảnh
SP_414,Giày dép
SP_415,Áo quần
SP_416,Máy ảnh
SP_417,Máy ảnh
SP_418,Điện thoại
SP_419,Máy ảnh
SP_420,Áo quần
SP_421,Máy giặt
SP_422,Gối
SP_423,Sách
SP_424,Gối
SP_425,Tủ lạnh
SP_426,Gối
SP_427,Đồ trang trí
SP_428,Máy ảnh
SP_429,Đồng hồ
SP_430,Đèn
SP_431,Đèn
SP_432,Tủ lạnh
SP_433,Đồ trang trí
SP_434,Áo quần
SP_435,Gối
SP_436,Máy ảnh
SP_437,Đồng hồ
SP_438,Tủ lạnh
SP_439,Đồng hồ
SP_440,None
SP_441,Đèn
SP_442,Gối
SP_443,Đồ trang trí
SP_444,Tủ lạnh
SP_445,Máy giặt
SP_446,Đồ trang trí
SP_447,Sách
SP_448,Đèn
SP_449,Áo quần
SP_450,Gối
SP_451,Trang sức
SP_452,Gối
SP_453,None
SP_454,Đèn
SP_455,Đồ chơi
SP_456,Máy ảnh
SP_457,Máy giặt
SP_458,Đèn
SP_459,Tivi
SP_460,Đồ trang trí
SP_461,Đèn
SP_462,Đồ trang trí
SP_463,Đồng hồ
SP_464,Đồ trang trí
SP_465,Sách
SP_466,Gối
SP_467,Máy giặt
SP_468,Trang sức
SP_469,Sách
SP_470,Máy ảnh
SP_471,Đồng hồ
SP_472,Đồ trang trí
SP_473,Tủ lạnh
SP_474,Máy giặt
SP_475,Máy ảnh
SP_476,Đồ trang trí
SP_477,Sách
SP_478,Máy ảnh
SP_479,Giày dép
SP_480,Gối
SP_481,Điện thoại
SP_482,Điện thoại
SP_483,Laptop
SP_484,Áo quần
SP_485,Sách
SP_486,Đèn
SP_487,Gối
SP_488,Máy giặt
SP_489,Đồng hồ
SP_490,Đồng hồ
SP_491,Máy giặt
SP_492,Đồng hồ
SP_493,Sách
SP_494,Máy ảnh
SP_495,Gối
SP_496,Sách
SP_497,Máy giặt
SP_498,Áo quần
SP_499,Sách
SP_500,Gối
SP_501,Gối
SP_502,Áo quần
SP_503,Đèn
SP_504,Máy ảnh
SP_505,Đèn
SP_506,Đồ trang trí
SP_507,Đèn
SP_508,Máy ảnh
SP_509,Đèn
SP_510,Đồ trang trí
SP_511,Máy giặt
SP_512,Áo quần
SP_513,Máy ảnh
SP_514,Đồng hồ
SP_515,Máy ảnh
SP_516,Máy ảnh
SP_517,Máy giặt
SP_518,Giày dép
SP_519,Đèn
SP_520,Điện thoại
SP_521,??
SP_522,Máy ảnh
SP_523,Đèn
SP_524,Đồng hồ
SP_525,Máy ảnh
SP_526,Sách
SP_527,Sách
SP_528,Gối
SP_529,Gối
SP_530,Trang sức
SP_531,Tủ lạnh
SP_532,Sách
SP_533,Áo quần
SP_534,Máy giặt
SP_535,Điện thoại
SP_536,Máy ảnh
SP_537,Đồng hồ
SP_538,Áo quần
SP_539,Gối
SP_540,Áo quần
SP_541,Đồ trang trí
SP_542,Máy giặt
SP_543,Máy giặt
SP_544,Sách
SP_545,Đồ trang trí
SP_546,Đèn
SP_547,Đèn
SP_548,Gối
SP_549,Đèn
SP_550,Gối
SP_551,Gối
SP_552,Điện thoại
SP_553,Gối
SP_554,Máy giặt
SP_555,Đồ trang trí
SP_556,Đồng hồ
SP_557,Áo quần
SP_558,Đồ trang trí
SP_559,Tủ lạnh
SP_560,Gối
SP_561,Máy ảnh
SP_562,Điện thoại
SP_563,Đồ trang trí
SP_564,Tủ lạnh
SP_565,Gối
SP_566,Máy ảnh
SP_567,Gối
SP_568,Gối
SP_569,Đèn
SP_570,Đồ trang trí
SP_571,Tủ lạnh
SP_572,Gối
SP_573,Đèn
SP_574,Máy ảnh
SP_575,Sách
SP_576,Đèn
SP_577,Gối
SP_578,Máy giặt
SP_579,Tủ lạnh
SP_580,Tủ lạnh
SP_581,Máy ảnh
SP_582,Máy giặt
SP_583,Sách
SP_584,Áo quần
SP_585,Đồ trang trí
SP_586,Thảm
SP_587,Máy giặt
SP_588,Laptop
SP_589,Đèn
SP_590,Gối
SP_591,Đèn
SP_592,Đèn
SP_593,Đồng hồ
SP_594,Trang sức
SP_595,Thảm
SP_596,Máy giặt
SP_597,Áo quần
SP_598,Tủ lạnh
SP_599,Đồ chơi
SP_600,Sách
SP_601,Sách
SP_602,Áo quần
SP_603,Sách
SP_604,
SP_605,Đèn
SP_606,Gối
SP_607,Máy giặt
SP_608,Đồ chơi
SP_609,Điện thoại
SP_610,Điện thoại
SP_611,Máy ảnh
SP_612,Áo quần
SP_613,Sách
SP_614,Gối
SP_615,Gối
SP_616,Máy ảnh
SP_617,Gối
SP_618,Sách
SP_619,Gối
SP_620,Giày dép
SP_621,Tủ lạnh
SP_622,Sách
SP_623,Sách
SP_624,Đồ trang trí
SP_625,Máy giặt
SP_626,Đèn
SP_627,Áo quần
SP_628,Máy ảnh
SP_629,Gối
SP_630,Gối
SP_631,Thảm
SP_632,Tủ lạnh
SP_633,Máy ảnh
SP_634,Laptop
SP_635,Máy ảnh
SP_636,Đèn
SP_637,Trang sức
SP_638,Đèn
SP_639,Sách
SP_640,Sách
SP_641,Trang sức
SP_642,Máy ảnh
SP_643,Áo quần
SP_644,Tủ lạnh
SP_645,Gối
SP_646,Đồ trang trí
SP_647,Gối
SP_648,Sách
SP_649,Sách
SP_650,Áo quần
SP_651,Máy giặt
SP_652,Máy ảnh
SP_653,??
SP_654,Máy giặt
SP_655,Sách
SP_656,Gối
SP_657,Áo quần
SP_658,Sách
SP_659,Gối
SP_660,Sách
SP_661,Gối
SP_662,Máy ảnh
SP_663,Gối
SP_664,Laptop
SP_665,Máy giặt
SP_666,Đèn
SP_667,Áo quần
SP_668,Gối
SP_669,Máy ảnh
SP_670,Gối
SP_671,Máy giặt
SP_672,Đồ trang trí
SP_673,Áo quần
SP_674,Máy giặt
SP_675,Gối
SP_676,Đồ trang trí
SP_677,Đồ trang trí
SP_678,Đồng hồ
SP_679,Đèn
SP_680,Sách
SP_681,Thảm
SP_682,Áo quần
SP_683,Áo quần
SP_684,Gối
SP_685,Gối
SP_686,Gối
SP_687,Đèn
SP_688,Đèn
SP_689,Tivi
SP_690,Gối
SP_691,Đèn
SP_692,Máy ảnh
SP_693,Gối
SP_694,Gối
SP_695,Đồ trang trí
SP_696,Áo quần
SP_697,Sách
SP_698,Đồ trang trí
SP_699,Máy ảnh
SP_700,Gối
SP_701,None
SP_702,Đèn
SP_703,??
SP_704,Trang sức
SP_705,Máy giặt
SP_706,Máy giặt
SP_707,Gối
SP_708,Điện thoại
SP_709,Đèn
SP_710,Máy giặt
SP_711,??
SP_712,Máy giặt
SP_713,Sách
SP_714,Đèn
SP_715,Gối
SP_716,Áo quần
SP_717,Đồ trang trí
SP_718,Áo quần
SP_719,Đồng hồ
SP_720,Sách
SP_721,Đèn
SP_722,Trang sức
SP_723,Gối
SP_724,Áo quần
SP_725,Điện thoại
SP_726,Đồng hồ
SP_727,Đồ trang trí
SP_728,Gối
SP_729,Máy giặt
SP_730,Tivi
SP_731,Máy ảnh
SP_732,Gối
SP_733,Tủ lạnh
SP_734,Sách
SP_735,Đồng hồ
SP_736,Thảm
SP_737,Điện thoại
SP_738,Đồng hồ
SP_739,Đèn
SP_740,Sách
SP_741,Gối
SP_742,Máy giặt
SP_743,Đồ chơi
SP_744,Máy giặt
SP_745,Đèn
SP_746,Tủ lạnh
SP_747,Máy giặt
SP_748,Máy ảnh
SP_749,Giày dép
SP_750,Trang sức
SP_751,Sách
SP_752,Áo quần
SP_753,Laptop
SP_754,Máy ảnh
SP_755,Tivi
SP_756,Tủ lạnh
SP_757,Tủ lạnh
SP_758,Máy giặt
SP_759,Gối
SP_760,Đèn
SP_761,Trang sức
SP_762,Gối
SP_763,Đồ trang trí
SP_764,Áo quần
SP_765,Máy ảnh
SP_766,Đồ trang trí
SP_767,Gối
SP_768,Gối
SP_769,Sách
SP_770,Trang sức
SP_771,Sách
SP_772,Đèn
SP_773,Máy ảnh
SP_774,Gối
SP_775,Đồ trang trí
SP_776,Sách
SP_777,Máy ảnh
SP_778,Đèn
SP_779,Máy giặt
SP_780,Đồ trang trí
SP_781,Đèn
SP_782,Tivi
SP_783,Đồ chơi
SP_784,Gối
SP_785,Đồng hồ
SP_786,Laptop
SP_787,Áo quần
SP_788,Gối
SP_789,Đồng hồ
SP_790,Thảm
SP_791,Giày dép
SP_792,Tivi
SP_793,Máy ảnh
SP_794,Máy ảnh
SP_795,Đồ trang trí
SP_796,??
SP_797,Máy giặt
SP_798,Áo quần
SP_799,Đồ trang trí
SP_800,Giày dép
SP_801,Máy ảnh
SP_802,Tủ lạnh
SP_803,Gối
SP_804,Áo quần
SP_805,Đèn
SP_806,Trang sức
SP_807,Máy giặt
SP_808,Máy giặt
SP_809,Đồ trang trí
SP_810,Đồ trang trí
SP_811,Sách
SP_812,Điện thoại
SP_813,Áo quần
SP_814,Đồ chơi
SP_815,Áo quần
SP_816,Đồ trang trí
SP_817,Laptop
SP_818,Đèn
SP_819,Máy ảnh
SP_820,Sách
SP_821,Đèn
SP_822,Áo quần
SP_823,Máy giặt
SP_824,Trang sức
SP_825,Đồ trang trí
SP_826,Sách
SP_827,Tủ lạnh
SP_828,Gối
SP_829,Máy giặt
SP_830,Máy ảnh
SP_831,Áo quần
SP_832,Máy ảnh
SP_833,Giày dép
SP_834,Gối
SP_835,Máy giặt
SP_836,Áo quần
SP_837,Điện thoại
SP_838,Trang sức
SP_839,Tủ lạnh
SP_840,Đồng hồ
SP_841,Máy ảnh
SP_842,Tủ lạnh
SP_843,Máy ảnh
SP_844,Trang sức
SP_845,Áo quần
SP_846,Đồng hồ
SP_847,Máy ảnh
SP_848,Đèn
SP_849,Thảm
SP_850,Sách
SP_851,Đồ trang trí
SP_852,Đồ trang trí
SP_853,Tủ lạnh
SP_854,Đồng hồ
SP_855,Gối
SP_856,Điện thoại
SP_857,Sách
SP_858,Đồ trang trí
SP_859,Đèn
SP_860,Tủ lạnh
SP_861,Gối
SP_862,Máy ảnh
SP_863,Đồ trang trí
SP_864,Máy ảnh
SP_865,Áo quần
SP_866,Gối
SP_867,Đồng hồ
SP_868,Máy giặt
SP_869,Điện thoại
SP_870,Áo quần
SP_871,Đồ trang trí
SP_872,Đồng hồ
SP_873,Laptop
SP_874,Đèn
SP_875,Tivi
SP_876,Trang sức
SP_877,Máy ảnh
SP_878,Áo quần
SP_879,Máy giặt
SP_880,Tủ lạnh
SP_881,Gối
SP_882,Đồng hồ
SP_883,Gối
SP_884,Gối
SP_885,Máy giặt
SP_886,Đồ trang trí
SP_887,Máy giặt
SP_888,Gối
SP_889,Áo quần
SP_890,Máy giặt
SP_891,Đồ trang trí
SP_892,Đồ trang trí
SP_893,Trang sức
SP_894,Áo quần
SP_895,Đồ trang trí
SP_896,Sách
SP_897,Đồng hồ
SP_898,Áo quần
SP_899,Gối
SP_900,Gối
SP_901,Đồ trang trí
SP_902,Máy ảnh
SP_903,Đèn
SP_904,Tivi
SP_905,Thảm
SP_906,Sách
SP_907,Đồng hồ
SP_908,Đèn
SP_909,Điều hòa
SP_910,Máy ảnh
SP_911,Giày dép
SP_912,Gối
SP_913,Máy ảnh
SP_914,Laptop
SP_915,Máy giặt
SP_916,Sách
SP_917,Điện thoại
SP_918,Gối
SP_919,Đồ trang trí
SP_920,Trang sức
SP_921,Đèn
SP_922,Áo quần
SP_923,Máy ảnh
SP_924,Máy giặt
SP_925,Trang sức
SP_926,Đồ trang trí
SP_927,Đồ trang trí
SP_928,Đồ trang trí
SP_929,Đồ trang trí
SP_930,Máy giặt
SP_931,Máy giặt
SP_932,Áo quần
SP_933,Đèn
SP_934,Áo quần
SP_935,Đồ trang trí
SP_936,Thảm
SP_937,Đèn
SP_938,Tivi
SP_939,Máy giặt
SP_940,Áo quần
SP_941,Đồ trang trí
SP_942,Máy ảnh
SP_943,Đèn
SP_944,??
SP_945,Đồng hồ
SP_946,Máy giặt
SP_947,Sách
SP_948,Sách
SP_949,Đồ trang trí
SP_950,Điện thoại
SP_951,Giày dép
SP_952,Máy ảnh
SP_953,Sách
SP_954,Điện thoại
SP_955,Thảm
SP_956,Áo quần
SP_957,Đèn
SP_958,Áo quần
SP_959,Áo quần
SP_960,Đồ trang trí
SP_961,Máy giặt
SP_962,Máy giặt
SP_963,Sách
SP_964,Đèn
SP_965,Máy ảnh
SP_966,Trang sức
SP_967,Máy giặt
SP_968,Điều hòa
SP_969,Đồng hồ
SP_970,Đồ trang trí
SP_971,Gối
SP_972,Máy giặt
SP_973,Laptop
SP_974,Tủ lạnh
SP_975,Máy ảnh
SP_976,Gối
SP_977,Máy ảnh
SP_978,Máy giặt
SP_979,Máy ảnh
SP_980,Tủ lạnh
SP_981,Áo quần
SP_982,Đèn
SP_983,Máy ảnh
SP_984,Máy giặt
SP_985,Áo quần
SP_986,Gối
SP_987,Tủ lạnh
SP_988,Tivi
SP_989,Máy ảnh
SP_990,Áo quần
SP_991,Máy giặt
SP_992,Điện thoại
SP_993,Máy giặt
SP_994,Áo quần
SP_995,Tủ lạnh
SP_996,Thảm
SP_997,Sách
SP_998,Áo quần
SP_999,Trang sức
SP_1000,Đèn
SP_1001,None
SP_1002,Gối
SP_1003,Sách
SP_1004,Gối
SP_1005,Áo quần
SP_1006,Máy ảnh
SP_1007,Đồng hồ
SP_1008,Giày dép
SP_1009,Điện thoại
SP_1010,Máy giặt
SP_1011,Tủ lạnh
SP_1012,Đồ trang trí
SP_1013,Tivi
SP_1014,Trang sức
SP_1015,Đồ trang trí
SP_1016,Sách
SP_1017,Trang sức
SP_1018,Gối
SP_1019,Máy ảnh
SP_1020,Máy giặt
SP_1021,Gối
SP_1022,Tivi
SP_1023,Gối
SP_1024,Tủ lạnh
SP_1025,Đèn
SP_1026,Áo quần
SP_1027,
SP_1028,Máy ảnh
SP_1029,Đồ trang trí
SP_1030,Giày dép
SP_1031,Đèn
SP_1032,Đèn
SP_1033,Tủ lạnh
SP_1034,Gối
SP_1035,Máy giặt
SP_1036,Máy ảnh
SP_1037,Gối
SP_1038,Đồ trang trí
SP_1039,Sách
SP_1040,Trang sức
SP_1041,Trang sức
SP_1042,Gối
SP_1043,None
SP_1044,Đèn
SP_1045,Máy ảnh
SP_1046,Máy giặt
SP_1047,Máy giặt
SP_1048,Gối
SP_1049,None
SP_1050,Đèn
SP_1051,Đồ trang trí
SP_1052,Máy ảnh
SP_1053,Đèn
SP_1054,Trang sức
SP_1055,Áo quần
SP_1056,Đèn
SP_1057,Máy ảnh
SP_1058,Đèn
SP_1059,Đèn
SP_1060,Gối
SP_1061,Thảm
SP_1062,Máy ảnh
SP_1063,Áo quần
SP_1064,Tủ lạnh
SP_1065,Đồng hồ
SP_1066,Trang sức
SP_1067,Tủ lạnh
SP_1068,Sách
SP_1069,Máy ảnh
SP_1070,Laptop
SP_1071,Áo quần
SP_1072,Đồng hồ
SP_1073,Tivi
SP_1074,Máy ảnh
SP_1075,Máy ảnh
SP_1076,Máy ảnh
SP_1077,Máy ảnh
SP_1078,Áo quần
SP_1079,Tủ lạnh
SP_1080,Điện thoại
SP_1081,Gối
SP_1082,Máy ảnh
SP_1083,Sách
SP_1084,Máy ảnh
SP_1085,??
SP_1086,Máy ảnh
SP_1087,Sách
SP_1088,Máy giặt
SP_1089,Trang sức
SP_1090,Sách
SP_1091,Máy giặt
SP_1092,Tủ lạnh
SP_1093,Đồ trang trí
SP_1094,Đồ trang trí
SP_1095,Đèn
SP_1096,Gối
SP_1097,Tủ lạnh
SP_1098,Thảm
SP_1099,Đồng hồ
SP_1100,Sách
SP_1101,Gối
SP_1102,Laptop
SP_1103,Đèn
SP_1104,Áo quần
SP_1105,Áo quần
SP_1106,Đồ trang trí
SP_1107,Gối
SP_1108,Tivi
SP_1109,Sách
SP_1110,Áo quần
SP_1111,Tủ lạnh
SP_1112,Gối
SP_1113,Tủ lạnh
SP_1114,Điện thoại
SP_1115,Máy giặt
SP_1116,Máy ảnh
SP_1117,Tivi
SP_1118,Đèn
SP_1119,Áo quần
SP_1120,Giày dép
SP_1121,Máy giặt
SP_1122,Áo quần
SP_1123,Máy ảnh
SP_1124,Máy ảnh
SP_1125,Máy giặt
SP_1126,Tủ lạnh
SP_1127,Đồng hồ
SP_1128,Đèn
SP_1129,Tủ lạnh
SP_1130,Máy ảnh
SP_1131,Trang sức
SP_1132,Đồ trang trí
SP_1133,Gối
SP_1134,Đồ trang trí
SP_1135,Gối
SP_1136,Sách
SP_1137,Gối
SP_1138,Sách
SP_1139,Máy ảnh
SP_1140,Máy ảnh
SP_1141,Sách
SP_1142,Gối
SP_1143,Tủ lạnh
SP_1144,Laptop
SP_1145,Gối
SP_1146,Đèn
SP_1147,Gối
SP_1148,Đồ trang trí
SP_1149,Đồng hồ
SP_1150,Máy giặt
SP_1151,Máy ảnh
SP_1152,Gối
SP_1153,Điện thoại
SP_1154,Điện thoại
SP_1155,Máy giặt
SP_1156,Máy ảnh
SP_1157,Máy ảnh
SP_1158,Gối
SP_1159,Đèn
SP_1160,Gối
SP_1161,Máy ảnh
SP_1162,Sách
SP_1163,Trang sức
SP_1164,Áo quần
SP_1165,Máy ảnh
SP_1166,Đèn
SP_1167,Trang sức
SP_1168,Tủ lạnh
SP_1169,Điện thoại
SP_1170,Điện thoại
SP_1171,Tủ lạnh
SP_1172,Máy ảnh
SP_1173,Máy ảnh
SP_1174,Máy giặt
SP_1175,Trang sức
SP_1176,Đồ trang trí
SP_1177,Máy giặt
SP_1178,Đồng hồ
SP_1179,Áo quần
SP_1180,Đèn
SP_1181,Sách
SP_1182,Trang sức
SP_1183,Gối
SP_1184,Gối
SP_1185,
SP_1186,Áo quần
SP_1187,None
SP_1188,Thảm
SP_1189,Đèn
SP_1190,Đèn
SP_1191,Đồ trang trí
SP_1192,Đồ trang trí
SP_1193,Máy giặt
SP_1194,Trang sức
SP_1195,Đồ trang trí
SP_1196,Máy ảnh
SP_1197,Máy giặt
SP_1198,Tủ lạnh
SP_1199,Sách
