user_id,order_count
user_1,4
user_2,1
user_3,3
user_4,3
user_5,2
user_6,3
user_7,2
user_8,3
user_9,1
user_10,2
user_11,4
user_12,2
user_13,1
user_14,3
user_15,4
user_16,4
user_17,1
user_18,2
user_19,3
user_20,2
user_21,3
user_22,4
user_23,1
user_24,3
user_25,3
user_26,3
user_27,5
user_28,1
user_29,1
user_30,4
user_31,3
user_32,1
user_33,7
user_34,3
user_35,4
user_36,2
user_37,1
user_38,4
user_39,4
user_40,1
user_41,2
user_42,3
user_43,5
user_44,5
user_45,3
user_46,2
user_47,3
user_48,3
user_49,1
user_50,6
user_51,1
user_52,5
user_53,4
user_54,3
user_55,2
user_56,3
user_57,2
user_58,6
user_59,2
user_60,6
user_61,3
user_62,1
user_63,5
user_64,1
user_65,6
user_66,2
user_67,4
user_68,3
user_69,5
user_70,8
user_71,4
user_72,1
user_73,3
user_74,1
user_75,1
user_76,2
user_77,4
user_78,1
user_79,5
user_80,3
user_81,1
user_82,4
user_83,1
user_84,6
user_85,3
user_86,1
user_87,1
user_88,1
user_89,3
user_90,2
user_91,4
user_92,5
user_93,1
user_94,1
user_95,5
user_96,5
user_97,1
user_98,1
user_99,2
user_100,2
user_101,2
user_102,6
user_103,6
user_104,5
user_105,5
user_106,1
user_107,2
user_108,5
user_109,5
user_110,1
user_111,4
user_112,3
user_113,2
user_114,2
user_115,2
user_116,6
user_117,4
user_118,1
user_119,1
user_120,1
user_121,5
user_122,3
user_123,1
user_124,3
user_125,6
user_126,2
user_127,5
user_128,2
user_129,1
user_130,7
user_131,8
user_132,1
user_133,3
user_134,6
user_135,1
user_136,9
user_137,3
user_138,3
user_139,6
user_140,2
user_141,1
user_142,4
user_143,1
user_144,3
user_145,5
user_146,5
user_147,4
user_148,1
user_149,1
user_150,1
user_151,2
user_152,3
user_153,1
user_154,1
user_155,1
user_156,2
user_157,3
user_158,2
user_159,2
user_160,3
user_161,2
user_162,4
user_163,4
user_164,1
user_165,2
user_166,1
user_167,2
user_168,3
user_169,2
user_170,4
user_171,3
user_172,4
user_173,1
user_174,1
user_175,1
user_176,2
user_177,2
user_178,5
user_179,5
user_180,2
user_181,2
user_182,3
user_183,2
user_184,1
user_185,2
user_186,5
user_187,5
user_188,3
user_189,4
user_190,1
user_191,3
user_192,4
user_193,3
user_194,3
user_195,3
user_196,3
user_197,5
user_198,3
user_199,5
user_200,2
user_201,2
user_202,5
user_203,3
user_204,3
user_205,3
user_206,6
user_207,6
user_208,3
user_209,5
user_210,2
user_211,4
user_212,3
user_213,2
user_214,4
user_215,1
user_216,3
user_217,1
user_218,3
user_219,3
user_220,1
user_221,2
user_222,4
user_223,2
user_224,5
user_225,1
user_226,3
user_227,2
user_228,1
user_229,2
user_230,2
user_231,4
user_232,2
user_233,1
user_234,1
user_235,1
user_236,2
user_237,4
user_238,3
user_239,5
user_240,5
user_241,3
user_242,4
user_243,1
user_244,3
user_245,4
user_246,4
user_247,3
user_248,2
user_249,2
user_250,3
user_251,3
user_252,4
user_253,1
user_254,2
user_255,4
user_256,2
user_257,4
user_258,3
user_259,2
user_260,3
user_261,7
user_262,3
user_263,5
user_264,8
user_265,1
user_266,2
user_267,2
user_268,1
user_269,3
user_270,4
user_271,1
user_272,7
user_273,6
user_274,2
user_275,2
user_276,1
user_277,1
user_278,4
user_279,3
user_280,4
user_281,5
user_282,1
user_283,1
user_284,2
user_285,6
user_286,3
user_287,3
user_288,2
user_289,6
user_290,1
user_291,3
user_292,1
user_293,2
user_294,4
user_295,5
user_296,8
user_297,2
user_298,2
user_299,4
user_300,1
user_301,4
user_302,3
user_303,6
user_304,2
user_305,2
user_306,3
user_307,6
user_308,1
user_309,4
user_310,4
user_311,3
user_312,4
user_313,4
user_314,4
user_315,1
user_316,5
user_317,6
user_318,1
user_319,4
user_320,2
user_321,2
user_322,3
user_323,1
user_324,1
user_325,5
user_326,1
user_327,2
user_328,3
user_329,2
user_330,2
user_331,1
user_332,1
user_333,3
user_334,1
user_335,2
user_336,1
user_337,1
user_338,7
user_339,6
user_340,1
user_341,1
user_342,4
user_343,5
user_344,5
user_345,1
user_346,5
user_347,3
user_348,7
user_349,3
user_350,3
user_351,3
user_352,4
user_353,4
user_354,3
user_355,3
user_356,3
user_357,2
user_358,4
user_359,1
user_360,1
user_361,7
user_362,1
user_363,1
user_364,1
user_365,3
user_366,1
user_367,3
user_368,6
user_369,1
user_370,2
user_371,3
user_372,3
user_373,7
user_374,5
user_375,2
user_376,1
user_377,7
user_378,5
user_379,3
user_380,2
user_381,3
user_382,2
user_383,4
user_384,3
user_385,3
user_386,6
user_387,1
user_388,4
user_389,2
user_390,2
user_391,3
user_392,3
user_393,1
user_394,3
user_395,2
user_396,4
user_397,6
user_398,5
user_399,5
user_400,3
user_401,3
user_402,1
user_403,3
user_404,4
user_405,6
user_406,2
user_407,1
user_408,2
user_409,2
user_410,1
user_411,2
user_412,5
user_413,6
user_414,4
user_415,2
user_416,5
user_417,4
user_418,3
user_419,4
user_420,1
user_421,2
user_422,2
user_423,3
user_424,5
user_425,3
user_426,5
user_427,2
user_428,4
user_429,5
user_430,2
user_431,1
user_432,1
user_433,4
user_434,3
user_435,4
user_436,1
user_437,1
user_438,2
user_439,2
user_440,1
user_441,2
user_442,5
user_443,2
user_444,3
user_445,4
user_446,2
user_447,2
user_448,2
user_449,5
user_450,3
user_451,2
user_452,4
user_453,7
user_454,1
user_455,7
user_456,3
user_457,1
user_458,2
user_459,1
user_460,4
user_461,3
user_462,2
user_463,1
user_464,2
user_465,3
user_466,3
user_467,1
user_468,7
user_469,2
user_470,3
user_471,4
user_472,3
user_473,6
user_474,5
user_475,2
user_476,1
user_477,5
user_478,3
user_479,5
user_480,1
user_481,3
user_482,3
user_483,3
user_484,2
user_485,1
user_486,4
user_487,1
user_488,7
user_489,2
user_490,3
user_491,3
user_492,6
user_493,2
user_494,1
user_495,5
user_496,2
user_497,6
user_498,3
user_499,4
user_500,2
user_501,1
user_502,3
user_503,5
user_504,3
user_505,2
user_506,3
user_507,3
user_508,2
user_509,2
user_510,3
user_511,2
user_512,1
user_513,2
user_514,4
user_515,4
user_516,4
user_517,3
user_518,3
user_519,1
user_520,4
user_521,2
user_522,2
user_523,2
user_524,6
user_525,1
user_526,2
user_527,2
user_528,2
user_529,5
user_530,3
user_531,1
user_532,3
user_533,5
user_534,4
user_535,4
user_536,5
user_537,2
user_538,3
user_539,2
user_540,8
user_541,3
user_542,4
user_543,5
user_544,4
user_545,3
user_546,3
user_547,1
user_548,4
user_549,4
user_550,3
user_551,2
user_552,5
user_553,1
user_554,7
user_555,3
user_556,4
user_557,2
user_558,1
user_559,4
user_560,3
user_561,4
user_562,3
user_563,1
user_564,1
user_565,3
user_566,2
user_567,6
user_568,2
user_569,4
user_570,3
user_571,7
user_572,5
user_573,4
user_574,1
user_575,6
user_576,1
user_577,2
user_578,1
user_579,3
user_580,2
user_581,1
user_582,1
user_583,1
user_584,1
user_585,5
user_586,2
user_587,6
user_588,2
user_589,5
user_590,2
user_591,1
user_592,1
user_593,2
user_594,3
user_595,2
user_596,1
user_597,5
user_598,5
user_599,2
user_600,1
user_601,3
user_602,1
user_603,2
user_604,6
user_605,7
user_606,3
user_607,3
user_608,3
user_609,1
user_610,3
user_611,4
user_612,4
user_613,1
user_614,3
user_615,1
user_616,2
user_617,4
user_618,6
user_619,3
user_620,2
user_621,4
user_622,2
user_623,4
user_624,2
user_625,6
user_626,2
user_627,1
user_628,5
user_629,3
user_630,2
user_631,5
user_632,4
user_633,4
user_634,7
user_635,2
user_636,2
user_637,5
user_638,4
user_639,3
user_640,2
user_641,4
user_642,4
user_643,5
user_644,1
user_645,2
user_646,1
user_647,4
user_648,1
user_649,3
user_650,1
user_651,2
user_652,5
user_653,4
user_654,3
user_655,3
user_656,5
user_657,3
user_658,2
user_659,1
user_660,2
user_661,1
user_662,2
user_663,1
user_664,3
user_665,3
user_666,6
user_667,5
user_668,6
user_669,1
user_670,2
user_671,4
user_672,2
user_673,1
user_674,4
user_675,4
user_676,1
user_677,4
user_678,3
user_679,1
user_680,2
user_681,1
user_682,2
user_683,2
user_684,3
user_685,4
user_686,4
user_687,1
user_688,3
user_689,1
user_690,3
user_691,1
user_692,4
user_693,5
user_694,1
user_695,3
user_696,3
user_697,3
user_698,2
user_699,3
user_700,3
user_701,4
user_702,3
user_703,1
user_704,2
user_705,4
user_706,1
user_707,4
user_708,2
user_709,1
user_710,5
user_711,6
user_712,1
user_713,7
user_714,4
user_715,3
user_716,3
user_717,1
user_718,3
user_719,3
user_720,1
user_721,1
user_722,2
user_723,4
user_724,6
user_725,3
user_726,3
user_727,2
user_728,1
user_729,1
user_730,2
user_731,6
user_732,6
user_733,3
user_734,3
user_735,2
user_736,5
user_737,3
user_738,2
user_739,2
user_740,2
user_741,3
user_742,1
user_743,6
user_744,4
user_745,6
user_746,2
user_747,5
user_748,2
user_749,3
user_750,6
user_751,6
user_752,5
user_753,4
user_754,3
user_755,1
user_756,4
user_757,3
user_758,4
user_759,2
user_760,2
user_761,4
user_762,4
user_763,1
user_764,2
user_765,4
user_766,2
user_767,3
user_768,5
user_769,2
user_770,2
user_771,2
user_772,2
user_773,4
user_774,2
user_775,2
user_776,3
user_777,2
user_778,2
user_779,2
user_780,5
user_781,4
user_782,4
user_783,4
user_784,4
user_785,4
user_786,1
user_787,1
user_788,4
user_789,1
user_790,4
user_791,1
user_792,2
user_793,2
user_794,1
user_795,4
user_796,7
user_797,3
user_798,4
user_799,5
user_800,3
user_801,2
user_802,3
user_803,2
user_804,2
user_805,4
user_806,1
user_807,5
user_808,2
user_809,3
user_810,6
user_811,3
user_812,3
user_813,7
user_814,3
user_815,1
user_816,1
user_817,3
user_818,1
user_819,2
user_820,1
user_821,3
user_822,1
user_823,2
user_824,4
user_825,3
user_826,4
user_827,2
user_828,2
user_829,3
user_830,1
user_831,2
user_832,4
user_833,6
user_834,4
user_835,1
user_836,4
user_837,4
user_838,1
user_839,5
user_840,2
user_841,1
user_842,4
user_843,3
user_844,3
user_845,6
user_846,4
user_847,9
user_848,3
user_849,2
user_850,3
user_851,2
user_852,5
user_853,4
user_854,3
user_855,5
user_856,3
user_857,1
user_858,3
user_859,7
user_860,3
user_861,2
user_862,5
user_863,2
user_864,4
user_865,1
user_866,3
user_867,8
user_868,3
user_869,5
user_870,6
user_871,5
user_872,4
user_873,3
user_874,4
user_875,1
user_876,8
user_877,2
user_878,4
user_879,1
user_880,1
user_881,7
user_882,4
user_883,5
user_884,1
user_885,5
user_886,1
user_887,2
user_888,1
user_889,4
user_890,3
user_891,1
user_892,3
user_893,2
user_894,2
user_895,1
user_896,3
user_897,2
user_898,3
user_899,3
user_900,5
user_901,6
user_902,3
user_903,5
user_904,2
user_905,2
user_906,4
user_907,3
user_908,2
user_909,1
user_910,5
user_911,3
user_912,4
user_913,1
user_914,3
user_915,4
user_916,2
user_917,2
user_918,2
user_919,4
user_920,5
user_921,2
user_922,2
user_923,4
user_924,1
user_925,3
user_926,1
user_927,2
user_928,2
user_929,1
user_930,4
user_931,5
user_932,1
user_933,4
user_934,1
user_935,6
user_936,5
user_937,1
user_938,5
user_939,1
user_940,4
user_941,2
user_942,1
user_943,3
user_944,3
user_945,6
user_946,1
user_947,3
user_948,5
user_949,1
user_950,3
user_951,4
user_952,2
user_953,3
user_954,7
user_955,1
user_956,3
user_957,3
user_958,1
user_959,1
user_960,2
user_961,2
user_962,6
user_963,1
user_964,3
user_965,3
user_966,4
user_967,2
user_968,3
user_969,4
user_970,2
user_971,3
user_972,2
user_973,4
user_974,1
user_975,3
user_976,5
user_977,2
user_978,4
user_979,2
user_980,1
user_981,3
user_982,4
user_983,7
user_984,4
user_985,6
user_986,4
user_987,1
user_988,1
user_989,7
user_990,4
user_991,3
user_992,3
user_993,3
user_994,3
user_995,1
user_996,1
user_997,3
user_998,1
user_999,3
user_1000,3
user_1001,1
user_1002,2
user_1003,1
user_1004,2
user_1005,4
user_1006,4
user_1007,1
user_1008,3
user_1009,3
user_1010,2
user_1011,2
user_1012,3
user_1013,2
user_1014,3
user_1015,2
user_1016,1
user_1017,1
user_1018,3
user_1019,4
user_1020,4
user_1021,3
user_1022,3
user_1023,6
user_1024,4
user_1025,4
user_1026,5
user_1027,1
user_1028,4
user_1029,2
user_1030,4
user_1031,5
user_1032,2
user_1033,4
user_1034,1
user_1035,2
user_1036,4
user_1037,1
user_1038,1
user_1039,1
user_1040,3
user_1041,3
user_1042,4
user_1043,2
user_1044,3
user_1045,6
user_1046,2
user_1047,2
user_1048,2
user_1049,4
user_1050,1
user_1051,4
user_1052,3
user_1053,3
user_1054,5
user_1055,3
user_1056,1
user_1057,1
user_1058,3
user_1059,5
user_1060,4
user_1061,2
user_1062,7
user_1063,1
user_1064,4
user_1065,2
user_1066,3
user_1067,1
user_1068,3
user_1069,1
user_1070,3
user_1071,6
user_1072,3
user_1073,2
user_1074,1
user_1075,4
user_1076,4
user_1077,3
user_1078,1
user_1079,4
user_1080,2
user_1081,4
user_1082,1
user_1083,5
user_1084,3
user_1085,1
user_1086,2
user_1087,1
user_1088,5
user_1089,1
user_1090,3
user_1091,2
user_1092,3
user_1093,2
user_1094,5
user_1095,4
user_1096,5
user_1097,2
user_1098,3
user_1099,2
user_1100,1
user_1101,3
user_1102,1
user_1103,7
user_1104,6
user_1105,3
user_1106,4
user_1107,1
user_1108,1
user_1109,2
user_1110,3
user_1111,3
user_1112,1
user_1113,4
user_1114,1
user_1115,3
user_1116,3
user_1117,1
user_1118,2
user_1119,4
user_1120,2
user_1121,1
user_1122,4
user_1123,1
user_1124,2
user_1125,5
user_1126,1
user_1127,5
user_1128,4
user_1129,4
user_1130,3
user_1131,6
user_1132,2
user_1133,4
user_1134,2
user_1135,5
user_1136,3
user_1137,3
user_1138,3
user_1139,1
user_1140,3
user_1141,6
user_1142,3
user_1143,1
user_1144,3
user_1145,3
user_1146,2
user_1147,3
user_1148,1
user_1149,8
user_1150,1
user_1151,1
user_1152,3
user_1153,2
user_1154,2
user_1155,3
user_1156,4
user_1157,3
user_1158,7
user_1159,3
user_1160,3
user_1161,3
user_1162,5
user_1163,5
user_1164,4
user_1165,4
user_1166,2
user_1167,6
user_1168,3
user_1169,2
user_1170,6
user_1171,4
user_1172,3
user_1173,3
user_1174,6
user_1175,4
user_1176,2
user_1177,1
user_1178,3
user_1179,4
user_1180,5
user_1181,6
user_1182,2
user_1183,4
user_1184,4
user_1185,1
user_1186,4
user_1187,5
user_1188,2
user_1189,5
user_1190,4
user_1191,5
user_1192,2
user_1193,2
user_1194,1
user_1195,4
user_1196,1
user_1197,2
user_1198,3
user_1199,2
user_1200,2
user_1201,1
user_1202,3
user_1203,4
user_1204,6
user_1205,3
user_1206,2
user_1207,3
user_1208,1
user_1209,2
user_1210,1
user_1211,3
user_1212,4
user_1213,2
user_1214,2
user_1215,3
user_1216,2
user_1217,2
user_1218,3
user_1219,1
user_1220,6
user_1221,2
user_1222,2
user_1223,2
user_1224,4
user_1225,1
user_1226,2
user_1227,4
user_1228,3
user_1229,3
user_1230,3
user_1231,6
user_1232,3
user_1233,3
user_1234,1
user_1235,2
user_1236,4
user_1237,3
user_1238,3
user_1239,2
user_1240,3
user_1241,1
user_1242,2
user_1243,2
user_1244,3
user_1245,5
user_1246,3
user_1247,6
user_1248,2
user_1249,5
user_1250,6
user_1251,6
user_1252,3
user_1253,4
user_1254,3
user_1255,2
user_1256,5
user_1257,4
user_1258,2
user_1259,1
user_1260,1
user_1261,5
user_1262,6
user_1263,1
user_1264,2
user_1265,5
user_1266,4
user_1267,3
user_1268,2
user_1269,1
user_1270,4
user_1271,5
user_1272,2
user_1273,3
user_1274,7
user_1275,5
user_1276,3
user_1277,1
user_1278,3
user_1279,4
user_1280,1
user_1281,3
user_1282,3
user_1283,4
user_1284,1
user_1285,2
user_1286,3
user_1287,2
user_1288,1
user_1289,1
user_1290,3
user_1291,1
user_1292,3
user_1293,1
user_1294,1
user_1295,7
user_1296,3
user_1297,2
user_1298,4
user_1299,4
user_1300,1
user_1301,3
user_1302,3
user_1303,7
user_1304,3
user_1305,2
user_1306,4
user_1307,2
user_1308,2
user_1309,3
user_1310,1
user_1311,1
user_1312,3
user_1313,4
user_1314,6
user_1315,4
user_1316,2
user_1317,2
user_1318,8
user_1319,4
user_1320,3
user_1321,1
user_1322,2
user_1323,1
user_1324,3
user_1325,4
user_1326,1
user_1327,2
user_1328,5
user_1329,5
user_1330,3
user_1331,1
user_1332,3
user_1333,2
user_1334,5
user_1335,1
user_1336,3
user_1337,3
user_1338,4
user_1339,2
user_1340,2
user_1341,1
user_1342,1
user_1343,2
user_1344,2
user_1345,1
user_1346,5
user_1347,7
user_1348,2
user_1349,2
user_1350,2
user_1351,1
user_1352,2
user_1353,2
user_1354,5
user_1355,1
user_1356,3
user_1357,2
user_1358,5
user_1359,3
user_1360,5
user_1361,6
user_1362,3
user_1363,5
user_1364,2
user_1365,1
user_1366,6
user_1367,5
user_1368,3
user_1369,6
user_1370,3
user_1371,1
user_1372,1
user_1373,2
user_1374,2
user_1375,4
user_1376,5
user_1377,1
user_1378,4
user_1379,3
user_1380,2
user_1381,3
user_1382,2
user_1383,3
user_1384,5
user_1385,2
user_1386,5
user_1387,1
user_1388,1
user_1389,4
user_1390,6
user_1391,4
user_1392,3
user_1393,5
user_1394,2
user_1395,2
user_1396,2
user_1397,4
user_1398,3
user_1399,5
user_1400,2
user_1401,2
user_1402,3
user_1403,3
user_1404,4
user_1405,1
user_1406,1
user_1407,1
user_1408,4
user_1409,3
user_1410,4
user_1411,1
user_1412,5
user_1413,3
user_1414,4
user_1415,4
user_1416,4
user_1417,1
user_1418,4
user_1419,3
user_1420,2
user_1421,5
user_1422,4
user_1423,3
user_1424,4
user_1425,4
user_1426,3
user_1427,1
user_1428,2
user_1429,1
user_1430,4
user_1431,1
user_1432,5
user_1433,1
user_1434,4
user_1435,1
user_1436,6
user_1437,4
user_1438,1
user_1439,3
user_1440,3
user_1441,4
user_1442,2
user_1443,4
user_1444,3
user_1445,3
user_1446,2
user_1447,4
user_1448,3
user_1449,1
user_1450,1
user_1451,2
user_1452,2
user_1453,1
user_1454,6
user_1455,2
user_1456,5
user_1457,7
user_1458,5
user_1459,4
user_1460,3
user_1461,4
user_1462,1
user_1463,2
user_1464,4
user_1465,1
user_1466,4
user_1467,6
user_1468,3
user_1469,1
user_1470,2
user_1471,4
user_1472,3
user_1473,1
user_1474,7
user_1475,2
user_1476,5
user_1477,6
user_1478,1
user_1479,1
user_1480,2
user_1481,3
user_1482,5
user_1483,1
user_1484,1
user_1485,3
user_1486,4
user_1487,3
user_1488,4
user_1489,3
user_1490,5
user_1491,6
user_1492,3
user_1493,4
user_1494,1
user_1495,3
user_1496,3
user_1497,2
user_1498,4
user_1499,3
user_1500,5
