name,price,shipping,link
Shop on eBay,$20.00,No info,https://ebay.com/itm/123456?itmmeta=012DEW30YG0MEEKND7NH&hash=item123546:g:acwAA9KNiJowH:sc:ShippingMethodStandard!95008!US!-1&itmprp=enc%3AbgepL1tlUHjMGCVfSTGJh%2BzsVKeJ3CQk7NizDI4BZeppuFnmyS6Ijyp8lh%2FnEw%2BWqO7uTV1Q6izE1R0T54aV8j71F4xlWfVcGft4%2FiOQhtqVXA1rW6M1atPARQRmhqUxtEPJKhKtSFgI%2Bvwlzb0GwVCtkp%3ABlBMUObkmabpYw
Shop on eBay,$20.00,No info,https://ebay.com/itm/123456?itmmeta=012DEW30YG0MEEKND7NH&hash=item123546:g:acwAA9KNiJowH:sc:ShippingMethodStandard!95008!US!-1&itmprp=enc%3AbgepL1tlUHjMGCVfSTGJh%2BzsVKeJ3CQk7NizDI4BZeppuFnmyS6Ijyp8lh%2FnEw%2BWqO7uTV1Q6izE1R0T54aV8j71F4xlWfVcGft4%2FiOQhtqVXA1rW6M1atPARQRmhqUxtEPJKhKtSFgI%2Bvwlzb0GwVCtkp%3ABlBMUObkmabpYw
Panasonic  CF-31   MK6  7th GEN Core i5 WIN10  32GB 1TB SSD TOUCH GREEN,$504.44,Shipping not specified,https://www.ebay.com/itm/235675088728?_skw=laptop&itmmeta=01JPKXK9C5REX7G8DZZYVY4T39&hash=item36df547758:g:MIUAAOSwjnhmqSv7&itmprp=enc%3AAQAKAAAAwFkggFvd1GGDu0w3yXCmi1fCF5ex4FoYVtBus42OwWWdQIZBD05wagobO8rG2o7K9ZvIry%2FlHNJhhgzcAmZ5eGcqzj7lgwIclcUeyr5Sbmh20vwWq0hyYIedkSbvkZ4bv5dD2hRUzpgmaE%2F9%2BC%2Fqr8hT9pmuOXvfflMSmuHierCya4%2FUAT8Q7RTvWUu57nwWA29kUcFrexP6XxjKhux9gV19W6HRnc5Zu2amsypZXf4zYEbxyZxFNlCF0OmQfuWr%2BQ%3D%3D%7Ctkp%3ABlBMUKaWzf20ZQ
Dell Latitude 14 Rugged 5424 Laptop  i7-8650U 32GB 1TB M.2 SSD  WEBCAM BLACK,$688.88,Shipping not specified,https://www.ebay.com/itm/235802256950?_skw=laptop&itmmeta=01JPKXK9C5Q9QBKNY97QGE4JBS&hash=item36e6e8e636:g:LtkAAOSwiPlnG9yG&itmprp=enc%3AAQAKAAAAwFkggFvd1GGDu0w3yXCmi1c2P22c6zIjhit%2FqkjmibOqJi0FnJN1WNsjVH69Mqo59B%2BQow%2BMiBrJ3BtGVb2u9uTgAsDAMieex2DpsAmMzAoQpclJVTtoicyZPsbaz8c2LPYMjbqVOPf3mrZEUuV9ZpsOL1Xag6J918xEitkvVXuzz6BJw%2FJoUaUxfMO7OpFEAVRnxBzOleyx4kdwDepfN27Hc8Y7wAz5NEfmZUiulQ1qJacGZBRXhMcy%2B8XI3iJ54A%3D%3D%7Ctkp%3ABlBMUKaWzf20ZQ
"15.6"" FHD DELL Latitude Laptop PC: Intel i5 Quad Core! 32GB RAM ~ 1TB NVME SSD!",$314.95,+$68.40 delivery,https://www.ebay.com/itm/116511983425?_skw=laptop&itmmeta=01JPKXK9C6BJ6FV07H8MZG6EJ6&hash=item1b20a7c741:g:BigAAOSwkWln2HVD&itmprp=enc%3AAQAKAAAAwFkggFvd1GGDu0w3yXCmi1eE8ERSWgrHEu3gzIrOqb3v7SD0uqJSzI2GWtQPP%2FBwJv4Hwc4KuirniQCwwwO7MBA1grW1K5WR1mEjmX46e84JONb5nkL9Z85Q%2Bn53S9uh4tU1hllPh9K6lqZHSZIi0ZBEugeK9vQsY7NwBfKsoAbYQ7VBPTAnLFnzxRF4zQ75Trcy2Ml4Df4s4mH45hvBK7dIbDsgd94gA9KVXCICkhkvKrPZ2SOF%2B0%2BcaSE6uEkt9g%3D%3D%7Ctkp%3ABlBMUKiWzf20ZQ
Dell Latitude 14 Rugged 5424 Laptop  i7-8650U 32GB 1TB M.2 SSD  WEBCAM ORANGE,$688.88,Shipping not specified,https://www.ebay.com/itm/286372518424?_skw=laptop&itmmeta=01JPKXK9C66MAKWHG6X5F5516E&hash=item42ad21da18:g:sR8AAOSwbbpnG9bG&itmprp=enc%3AAQAKAAAAwFkggFvd1GGDu0w3yXCmi1eShE6lQD10oKMwRhb2zD6F%2FIluddCPR%2Bjn08N4GtT44XhuzkcYyuipx2J%2F6NGa%2FEGGIPQ7y9XjL9srG9PUYrVBCYsUmXB3Z4Oonz28PqqAJzWb3H7uE4o5YR%2Fiv%2FGsTtZAV%2B%2BZpcDiEU4HXEJH6UVvKnUMWwcwDIoghZiS7CA6WGG%2BFaa81VXk3MUWjPkEvI2Tm%2B6CZ4MBLSbfmRXdL7quanJe%2BqIwgMPiMbwR2MtdXw%3D%3D%7Ctkp%3ABlBMUKiWzf20ZQ
"Dell 15.6"" Touchscreen Laptop Windows 11 Intel Core i5 4.10GHz 64GB RAM 4TB SSD",$245.00 to $620.00,+$75.56 delivery,https://www.ebay.com/itm/335720448847?_skw=laptop&itmmeta=01JPKXK9C6NRX20SYZ9Z5BVNM8&hash=item4e2a7f834f:g:JNUAAOSwhzBnfCtl&itmprp=enc%3AAQAKAAAA4FkggFvd1GGDu0w3yXCmi1c%2FDoji%2Fbn2XBqFVux9t8yLBf7xd5uE1uSvrqa4MXKBLarZYb5S5Jp9AYh4m2o6CwxT0GtPmJRnoWQ7U9gfQpXjJC1G9IMkLbIpl%2B0vsKODGm4MGSXTqAJspkba1rdV1RAbCb%2B6Febcf%2FE4cLOvCXz78%2FVUEZW29uOY9rDGP2Ts3rCIkCEgzfucGGviofNWe60U%2F4Snx6mWw8qDW7LdGfOESrjkhNBnM1FISAxp2K0thh21lYImMXu92Uvs35XAUoE6zZ%2BI8yQgvOMbtDPP0QdM%7Ctkp%3ABk9SR6iWzf20ZQ
"MSI Summit A16 AI+ A3HMTG-014US 16"" Touchscreen 2 in 1 Notebook - QHD+ - AMD",$565.00,No info,https://www.ebay.com/itm/276948467766?_skw=laptop&itmmeta=01JPKXK9DA66FFBJ3CXGCHBZV2&hash=item407b6a4036:g:SkQAAeSwAr9nuS6Y
"Asus Zenbook Pro Duo UX582L 15.6"" UHD OLED I7-10870H 16GB RAM 1TB SSD RTX3070",$590.00,No info,https://www.ebay.com/itm/335860236925?_skw=laptop&epid=7057951860&itmmeta=01JPKXK9DAB83ZRXRAKDMWNVS4&hash=item4e32d4827d:g:f1MAAOSw88tn0zUS
"Dell XPS 15 9510 i9, 32GB, Nvidia 3050 Ti, 1tb ",$714.56,No info,https://www.ebay.com/itm/126987661746?_skw=laptop&itmmeta=01JPKXK9DB6BGB0RFWS3ZH6F84&hash=item1d910df1b2:g:SToAAeSwoQ1n0DOv
"Microsoft Surface Laptop 7 15"" Touchscreen Notebook - Qualcomm Snapdragon X Elit",$820.00,No info,https://www.ebay.com/itm/326488130470?_skw=laptop&itmmeta=01JPKXK9DA72397VHJYQBM1EPX&hash=item4c043583a6:g:8zwAAeSw~PRnzLUE
"Dell Latitude 5430 14"" Laptop Core i5-1235U 32GB DDR4 1TB NVMe Windows 11",$189.68,No info,https://www.ebay.com/itm/256854662739?_skw=laptop&itmmeta=01JPKXK9DBBH8F27XG1JDGNDQ9&hash=item3bcdbb1e53:g:MwIAAeSw-JRn0dn8
"HP EliteBook 645 G10 - 14"" AMD Ryzen 7730U 32GB RAM 1TB SSD - Brand New in Box",$280.00,No info,https://www.ebay.com/itm/256856275457?_skw=laptop&itmmeta=01JPKXK9DAB39E7Y0FPW263KET&hash=item3bcdd3ba01:g:XFkAAOSw5pFn0H5V
"Razer Blade 16"" 2014 RTX 4080 OLED 240hz 32GB RAM i9 14900HX 1TB SSD Black","$1,940.76",No info,https://www.ebay.com/itm/146455920964?_skw=laptop&itmmeta=01JPKXK9DBF4CW1NXZ5ZZP09CZ&hash=item2219740144:g:xJUAAOSwBzxn1xQm
"Lenovo ThinkPad P53S, 15.6"" FHD Touch, i7-8665U, 32GB RAM, 1TB SSD,NVIDIA P520,.",$207.87,No info,https://www.ebay.com/itm/396318734362?_skw=laptop&itmmeta=01JPKXK9DBG8AME4ZWFWPRJNHA&hash=item5c466ff81a:g:yD0AAOSwh~Rn1BhW
"1920 x 1080P FHD 15.6"" Lenovo Gaming Laptop: Intel i7! 32GB RAM~1TB SSD! Nvidia!",$384.95,+$76.77 delivery,https://www.ebay.com/itm/116423296043?_skw=laptop&itmmeta=01JPKXK9C687TGEYJQPZ2NDEZ0&hash=item1b1b5e842b:g:YvoAAOSwVWlnh8BB&itmprp=enc%3AAQAKAAAAwFkggFvd1GGDu0w3yXCmi1cZ2Vu9Rbwbhqjn7EWrMyAi7rDzCDtG8Qo6jSsrSfs26oAPTb8fdGWTb4taAfkbUeYS4ZId1Y%2BysauGZmOb2y8CVPJ0D3Q0ALuxHbEC%2BeWlD64yTsfUf7yCrYPCQzhj2KYztJX21sYzMX11Qeb28uIAvaavz4cGliHjf1LTzUV7kDZ4d8prOJ6kUlj%2BGG5a5gUNwezSsBmKmb2w32Qw7XzHMEgSxIhB7KCINw0wEUcDZw%3D%3D%7Ctkp%3ABk9SR6iWzf20ZQ
"Dell 14"" FHD Laptop Intel Quad Core i7 4.20GHz 64GB RAM 4TB SSD Windows 11 Pro",$239.99 to $567.00,+$69.73 delivery,https://www.ebay.com/itm/335762770305?_skw=laptop&itmmeta=01JPKXK9C6ZEXHSRD646E17ZR6&hash=item4e2d054981:g:T3wAAOSwR1BngY1o&itmprp=enc%3AAQAKAAAAwFkggFvd1GGDu0w3yXCmi1emvZGuvksLaLPtSw9Pp8GbYd2Y7lq4x1JFAWPVVVzTe3acMw2KZm0mkxLJnoHo8bTY38Rf5Vgj01jxkL4BQU39Xl5ldtJIIXLyuPRfBcjNwLADmkl%2BUCbI5X3OLadd3thf%2FGl9YxJvZD5XomN4FRxm%2FLclwa93t0EuXHh9AwJbD0yQKfWMMNQ8A1qzwaB7YMcTcXYYskjiWQM2hZQibEyoRo0KZR3E8%2FbdKKzYO7mwIA%3D%3D%7Ctkp%3ABk9SR6iWzf20ZQ
2024 HP Pavilion Laptop 15 Touch 12th Gen Intel i3 32GB RAM & 1TB SSD Win 11 Pro,$489.00,+$79.83 delivery,https://www.ebay.com/itm/146131418212?_skw=laptop&itmmeta=01JPKXK9C6M0RE0FAZXAFCRD28&hash=item22061c7c64:g:JIsAAOSwbnRnGrtL&itmprp=enc%3AAQAKAAAA4FkggFvd1GGDu0w3yXCmi1eTDZvrt6YvCZspKqbWivAMXSCTJ8BW1oo8p4E2SqrI4SbKHGW3hNhUlAgCD5%2FquB5r8gFLLWOBqyMs%2BE5QUNlQ%2BJeZ5VmCMbTaERd5dGHQJbuULHEUtD8lK--lKAZS%2FKtPnPS89PqWilAd%2BuI0vhgjVrHfZA%2F3F78Isztb4amrciqYfibTdiolqgsbeNydCeEjSBw5Fy1%2Fd2mogWh7NvDBxLOzonNrGj%2BlFtWXtJiVQxTYVSEaY7mDNp6BeB2oHnZqWXW71GHGznVlu3YnXp31%7Ctkp%3ABk9SR6iWzf20ZQ
"Asus Zenbook Pro Duo UX582L 15.6"" UHD OLED I7-10870H 16GB RAM 1TB SSD RTX3070",$590.00,+$40.00 delivery,https://www.ebay.com/itm/335860236925?_skw=laptop&epid=7057951860&itmmeta=01JPKXK9C662ZS917TTSWP1XKX&hash=item4e32d4827d:g:f1MAAOSw88tn0zUS&itmprp=enc%3AAQAKAAAAwFkggFvd1GGDu0w3yXCmi1ebU%2Fgj1Ref0%2FJzBriZJCA2Yei4Md442yquRyD3yO58TDXFKeQMVhOeZDfCtK0UxgmqJCMNTYALh9kTyOGlNayu3togHrhEnf5ycCpX52plsl%2B86v73n9JoN4GqUCfWhGLvfNuk1HhDckYfQ6GEWOorpQRhovlWaSSqWi7wsviQUZSmcWB0Zv3Pn8mGfSX1YY%2FZid7jaTaGAQB8uGYU5TDobjP4%2F%2BBg%2F1Rigz6Fm%2F8SXA%3D%3D%7Ctkp%3ABk9SR6iWzf20ZQ
"Lenovo Ideapad Slim 7i 14"" OLED Touch Laptop Ultra 7 155H 32GB 1TB 83D80003US",$649.00,+$78.25 delivery,https://www.ebay.com/itm/196501855944?_skw=laptop&itmmeta=01JPKXK9C6YJFQRBN0QZW0QE3Z&hash=item2dc06c5ec8:g:KqMAAOSwbSZmlCKF&itmprp=enc%3AAQAKAAAAwFkggFvd1GGDu0w3yXCmi1dQrxSWhuk2HAUSyhAAzdNF8PI%2BPvic3RTvzN4Jz4LiuLn0M2ihptkKkxsh%2FNqnS5%2F3broQJULQBsXM0ST2JRDRbAIQWNdUJZDAKnFgiEmC%2FTWzUtB77584ZMNbRt%2Ft85AJ04KAv49DP4XSAozW0ZEz0rgb%2Bq6YAVQN%2BLzO3w1MkxD4TvqYN%2FIijVrnljQbbFt1c6W7GgWgGZyd2pkZBlifpeucOSU1n7k5nwxpIfXJTw%3D%3D%7Ctkp%3ABk9SR6iWzf20ZQ
FHD DELL Latitude Laptop: Intel i7! 32GB RAM ~ 1TB NVME SSD! Windows 11 Pro!,$328.95,+$68.81 delivery,https://www.ebay.com/itm/116458919375?_skw=laptop&itmmeta=01JPKXK9C6T84K054MDD8C6GZG&hash=item1b1d7e15cf:g:8cMAAOSww29nl7lz&itmprp=enc%3AAQAKAAAAwFkggFvd1GGDu0w3yXCmi1cBQ%2BAavyeWiI3%2FmhBNbSqGmuEN2KLV9jiDgBiWBS4khCxSKysJTKGOMI%2F9GbelukJKRpI96F3EapbK1ldS6FprInCL2Xg22D27OMkSbvEXVM7mYUlDX96Cp48otvKy2KpBsG4%2B1%2FUGfECEjNhkMqAGFIH8WEeuxbmwh%2BNtbk10YPbXgip9QJBrn5bMXBRqyAW%2BJeVCyCWe7crTKn%2BNvlAoducHquRgNSpAA9uSnqbXpA%3D%3D%7Ctkp%3ABk9SR6qWzf20ZQ
Dell Inspiron Plus 16 FHD+ WVA Touch Laptop Ultra 7 155H 32GB 1TB SSD Light Blue,$649.00,+$97.11 delivery,https://www.ebay.com/itm/196793720429?_skw=laptop&itmmeta=01JPKXK9C6HTXVTQXGN1CZHWN8&hash=item2dd1d1de6d:g:3EoAAOSwcq1nLoo2&itmprp=enc%3AAQAKAAAA4FkggFvd1GGDu0w3yXCmi1e3CpJBlomBo6wMT4oFIAxKVk7wabZPHmGRDLDpC7fGiqn6SUHcSh9gVvo68rTCJoP1TLkZEkLB1m%2BHfzc%2FqP%2FUd%2B%2F3VXWDC90nbOLG5gPuF9DQ9beE9ySDHKTAnFo%2BBpsYrDPeMmZqjZdvYk0W5iAEijQxJ%2BsUVF8TL2OV9HiYEAPpwkZHm0R1ExsEXSDhfnDIeEdjw%2BFlxRN918Wm2F5IYnxkoER%2BzACBKRA0iwCSNreXNElG14aocDpzday%2F4vFYCug1FZlUor7uXBltMvMH%7Ctkp%3ABk9SR6qWzf20ZQ
"15.6"" Dell Latitude Laptop PC: Intel i5 Quad-Core! 32GB RAM! 1TB SSD! Windows 11",$359.95,+$76.03 delivery,https://www.ebay.com/itm/116332233976?_skw=laptop&itmmeta=01JPKXK9C6E0JRR9J2AER5ZXQY&hash=item1b15f104f8:g:h24AAOSwkspm~Z1Q&itmprp=enc%3AAQAKAAAAwFkggFvd1GGDu0w3yXCmi1eC9aBEJdJZwr0lCOBZG8VhmlIOhrJShMe7WnxGFPdtG1MbO%2BSPHa4%2F%2By8YNCCttqKIS%2FykDWbwsnM%2F4mwzArtOv0NXMB%2BCGboYug07UAnwmhYIDYtQnO7QaAqKsNDreJboM6UeBqyMPgnmPOIJrt954Q9ZnUFvvfklnC1BhUoPbegV%2BXYUSbOSTqUJJn1%2Fd%2Fa0Zr8BVUc1oCHZt1J55fzymIfShQqDlnFCUVfSRQlA%2BQ%3D%3D%7Ctkp%3ABlBMUKqWzf20ZQ
Panasonic  CF-31 MK6  7th GEN Core i5 WIN10  32GB 1TB SSD TOUCH BLUE,$504.44,Shipping not specified,https://www.ebay.com/itm/286073355844?_skw=laptop&itmmeta=01JPKXK9C6CSXT3QX0Z9FY2N91&hash=item429b4cfe44:g:7NIAAOSw9w1m8Doq&itmprp=enc%3AAQAKAAAAwFkggFvd1GGDu0w3yXCmi1fl%2FkrUpELnStGgoPS0VDuf9k1SHxsro6lWzUOwX6mxIHKoWHWCot1zuZ7zEQ3kQQ%2F2gRpCjnF%2BSpqXsBr3seQrjtc4mPDhroxA%2BAecHU6ReMPFQtVi00SmrAJ3Pnapp5LOr%2Fv24BYLNWxGydLwMGSJzuNnffwhgl7aT9LtQHB32OQ%2FUaWw6cbd4Z8VKPtHaI9va5ml0ey8l3zuQZoH0tgK9dgRYMaVKFyaBb9F%2FJBwwA%3D%3D%7Ctkp%3ABlBMUKqWzf20ZQ
"HP ProBook 14"" HD Laptop Computer Intel i5 Up To 32GB RAM 1TB SSD Windows 11 Pro",$168.78 to $336.78,+$66.05 delivery,https://www.ebay.com/itm/286393092388?_skw=laptop&itmmeta=01JPKXK9C6D3FEXXN76BHPCG6J&hash=item42ae5bc924:g:fjMAAOSw14BnzGG-&itmprp=enc%3AAQAKAAAA4FkggFvd1GGDu0w3yXCmi1ekDyH5pmojpnNdbUxC%2FVhJr3deOfrgbt0hnojEWi%2FNOj9UmETAR8BK7XaplX64lqjV32U4g6QJkjQY3W2mYz42JT5Jx8E2GPDif1MfvhlANgJ8jpVrCMAoHiJtNAVmGuon0EcGBuYyporLNHVJMwSOVD4cHnZk3CPM%2F8TKX4%2FAqw%2BV29eUX84K%2BlWBHHLQ%2FzAzkU74ZKOdfyG5PdcEhKfFt1qiqURFfmDfHQuUdZpw2iwIhYlQiVSi5712or5xtWLNrhROVwLP970jWmZoJkM1%7Ctkp%3ABFBMqpbN_bRl
"Dell 15.6"" Light Gaming Laptop Intel Core i7 4.20 GHz 64GB RAM 4TB SSD Win11 Pro",$349.99 to $744.00,+$79.95 delivery,https://www.ebay.com/itm/334703417715?_skw=laptop&itmmeta=01JPKXK9C7H2W59BJENKPQEMYH&hash=item4dede0d973:g:EKMAAOSw3rlnftZD&itmprp=enc%3AAQAKAAAA4FkggFvd1GGDu0w3yXCmi1eNjPH%2FM5iNOotYFS%2B15u%2BAn80dXOJxiXgtwcZBfVmsp2LyffU3VZE3egpLT7Gh22qvTArm7DajAgHy6Gz1X4PQxFGvhEOvXfG8jIOknCMaqNYpFFULzIT09%2FSaGZFcC8KGYAzQ%2BBDy8u546G834ZmU8jNqLDHv0DaYJ0SWKfNgWxlKmmLzBjc4Zk8U3cxhKrspwE3hhg6uuJ%2FplY%2B44Cn7QgISNzEWWkQnltaAxIkm46HJiFilT7l9jRdqi3GCzfbLtwdVFL715GV7%2Bi9k%2FOK6%7Ctkp%3ABFBMqpbN_bRl
"HP EliteBook 645 G10 - 14"" AMD Ryzen 7730U 32GB RAM 1TB SSD - Brand New in Box",$280.00,+$61.11 delivery,https://www.ebay.com/itm/256856275457?_skw=laptop&itmmeta=01JPKXK9C7QS156FXDR3T9Z9SJ&hash=item3bcdd3ba01:g:XFkAAOSw5pFn0H5V&itmprp=enc%3AAQAKAAAAwFkggFvd1GGDu0w3yXCmi1e5vDwpRMz6QoWx34Zf7w%2FT%2B0J8c%2Btb%2BjgFxg9Kl3%2FRpTqhb8s%2FKWXGxp%2BSeb68uFxzJAt2uU7h6BGb%2FmLy1nB6fC7Zq2H%2BGRebKBqNXS%2FdQ4rxDTDLqQ%2FDdTG--9wyYqYKQIcrQca%2FjuR%2FTjwCcfLvk7F7SCJj4966ZLIWzGpISASHxkvP4vq%2BmA6dpVQ6qbJSGm9cpKGUYthaUthJQTJN4tiVvm2chXN18Bl%2Bz82KuA%3D%3D%7Ctkp%3ABk9SR6yWzf20ZQ
"MSI Summit A16 AI+ A3HMTG-014US 16"" Touchscreen 2 in 1 Notebook - QHD+ - AMD",$565.00,+$108.78 delivery,https://www.ebay.com/itm/276948467766?_skw=laptop&itmmeta=01JPKXK9C7TZ7FF3D5VB2QB83V&hash=item407b6a4036:g:SkQAAeSwAr9nuS6Y&itmprp=enc%3AAQAKAAAA4FkggFvd1GGDu0w3yXCmi1ebweCtPao2KGk3WgsjtIsCD8Hz0%2Bi6DVtQImzs0UGxRXDp7ifwq39eCLhdpmabJy3xWWP2fhaGNeWPp3FN%2FD4GPAXhBxtqQV6d5D%2BfbsjIrfHRYD9OivfGDEoxEVSe7qOAkWIRkm6rVyRZCjU02P6NJNEyRi5D9HX8WvfYVdGY3coM5UyiTl%2BEMtfshd9u3N6y4tbshUtC%2BzWQMJGtOrwPXcNOWOrHP5paR%2Bf4cmz9UFScxA31SS0Mh9Gdf0J6XWlX9u450yXCHyxo3U5hq9bG%7Ctkp%3ABk9SR6yWzf20ZQ
Lenovo IdeaPad Pro 5 Laptop 16'' 120HZ OLED 2K Ultra 9 185H 32GB 1TB RTX 4050,$899.00,+$98.19 delivery,https://www.ebay.com/itm/204880043580?_skw=laptop&epid=13067279995&itmmeta=01JPKXK9C7ZDQYFZK8YYS8YP9Y&hash=item2fb3cd5e3c:g:JisAAOSwLG1mjdK6&itmprp=enc%3AAQAKAAAA4FkggFvd1GGDu0w3yXCmi1cTKWodeC65ZdRHxTVueQW18SsfN%2BqM%2BzD5ZZV805nN4YO7au6wPfIJwrpw1AdQkbCvHuj33hT6cMMnwPy7%2FFwAFSZsy5Tnk6MfdI5hYMzyZjMcQQvRUNqFKHRJOyMO08TyIv1bknI52Ul707S19brrAf4rVpq9qp9GZDA04EGgTr4Rkyt%2B3mWy6m9HCUb2btv--XD4%2BqMPR9AOT1n7L3sSJ%2BIHpvXdzkFABmB6FAmlwn4Q1N--Z6tQZKRP%2Bu5c44w8qrC3LJma%2F%2B%2BBX1Wb9VwH%7Ctkp%3ABk9SR6yWzf20ZQ
"Laptop IdeaPad Pro 5i 16"" Touchscreen Intel Evo Platform Laptop - Intel Core",$807.97,+$89.24 delivery,https://www.ebay.com/itm/156783749576?_skw=laptop&epid=13067279995&itmmeta=01JPKXK9C7YJSDMPMN8GY98NZZ&hash=item24810a29c8:g:~oYAAOSwS5pneFUf&itmprp=enc%3AAQAKAAAAwFkggFvd1GGDu0w3yXCmi1dzzlGYgIK0TvKp9HdTPV4DRDFWRuVi%2FcupvWESqPUchA5iwq7HvU6wlTAAe%2Bt6TGAR%2Fwq4p8Ukib12%2BCLTba7rPRPLWCcVYl5sq%2FBROj7A3HiOg%2F1VyVZH4ETNSDKRPLrfIid00%2BnsYbuciEudeKg6LeH2SEh%2BZKEcaSg94cwVUIJt1EE2ou2iHSZJ1d1nkDICKzWEXy5A2HsO8ITrFWFI0rOBI98uV8xGypVUyceJ8g%3D%3D%7Ctkp%3ABk9SR6yWzf20ZQ
"New ListingLenovo ThinkPad P53S,15.6"" FHD Touch, i7-8665U, 32GB RAM, 1TB SSD,NVIDIA P520..",$140.31,+$79.30 shipping estimate,https://www.ebay.com/itm/396327927517?_skw=laptop&itmmeta=01JPKXK9C7TR6S2JNHAD60QDRN&hash=item5c46fc3edd:g:r6oAAOSw8yxn2AK~&itmprp=enc%3AAQAKAAAA4FkggFvd1GGDu0w3yXCmi1dL70DaR6GAJqewTeKBbAEy6RU%2BVcb%2Fvf0RBpBLU2NJ1146e3oVQxK3lNOsNWSIxrb5wgMPOgrU5nBlkd1I%2BbiXbJiB1FvHMG6PCeumMHS96BxVEaDUVVrBkgcVboMJWMr2l4SRcY%2B%2FnYQWjH1zNQQUa14QWYVmR7HPegAvSWPcbZTqqqBnbd97823sxq8p30%2F3%2FN4AArGMWFgftvVdd2%2BgwRtcLFrqe5nZwDqLdy764oP8Ikg49btb2ScHcZHAF7jI2z2%2FCNQKqllUjWEoy1x8%7Ctkp%3ABk9SR6yWzf20ZQ
"14"" DELL Latitude Laptop: Intel i5QC! 32GB RAM ~ 1TB NVME SSD! Windows 11 Pro!",$319.95,+$68.55 delivery,https://www.ebay.com/itm/116455570172?_skw=laptop&itmmeta=01JPKXK9C7SQG57ZS5HPGSNNCW&hash=item1b1d4afafc:g:EsIAAOSwo2xnwI8u&itmprp=enc%3AAQAKAAAA4FkggFvd1GGDu0w3yXCmi1dUG4axxBOY%2BPweH8XZyV8iD2wiJvNO43cfT%2BJ5F6kOqEpcNW%2Fy29TZosFGPOxyPRn3zpvnbpVLdPFsR%2FU4B7n66LPm7kBr2tXoPnH51lLrZS1fIXPOT28fv3KRd3OBTzTEpDpHO3U5SCne1IsSIB4YkhqNcqqVJqmR7J4PWQ0w51xVEBuijlzzVPaaJpkzJEmPnt9IfD7m2EmcFemmhLQqseM1%2BpqN5fdtKjIhvoOf5pYQ2865Pfvk%2F6ZEfvCGwcXX5JVC1cOreDPcc307rW4c%7Ctkp%3ABk9SR6yWzf20ZQ
POWERFUL i7 GAMING LAPTOP NVIDIA 32GB RAM 1TB SSD WINDOWS 10/11 - BUILD YOUR OWN,$389.75 to $799.00,+$87.05 shipping estimate,https://www.ebay.com/itm/175910813917?_skw=laptop&itmmeta=01JPKXK9C7XWDZNPYT0SCR9GM2&hash=item28f51a00dd:g:mr8AAOSwTOFkfb7H&itmprp=enc%3AAQAKAAAA4FkggFvd1GGDu0w3yXCmi1dUEDC3FAf2heeagb9BaJW3cK%2BoTYLNHfKatAoVEPSnOCMynsbxoSxLnTIJXo%2FdarfBz1xxU6syICAwEMy5iv7CdUBW76bbOJd4smFnT3YjUyce4b77%2Fm9rAC6B0Y%2FnWrbdi%2B1IpW89svI0Wub24cI9FbVjJAvrV04SO9g5CvXkGsrYcwatOfpDfY1V5Be%2BKeXPupNFNifLAGRI%2F2%2Btlo5Ts2BQ1DbnWCozaOU%2BBlvKOotaaccDNzwK3ykc%2FnZICkt1qw3GxYngPgN5dLyoWYVl%7Ctkp%3ABk9SR6yWzf20ZQ
"Dell 14"" FHD Laptop Intel Quad Core i5 3.60GHz 64GB RAM 4TB SSD Windows 11 Pro",$189.99 to $514.00,+$68.43 delivery,https://www.ebay.com/itm/335762697080?_skw=laptop&itmmeta=01JPKXK9C77NPKK111GHMG6VJK&hash=item4e2d042b78:g:zq4AAOSwljxnfY4f&itmprp=enc%3AAQAKAAAA4FkggFvd1GGDu0w3yXCmi1cPVABvBkPiQbKZ64O8mUbqA4brriv%2FpIwhN4DANEuzBg9%2FfvKG0wvIKV9ka4G4aQ8raM1jpZd0rNRDuIdb6HdPe9k%2F%2Bnkrr1utvxesvM30b2WPgeMt8uTQO24mWTR%2BKC%2Bvrf1F7FgLWuYAP6L9SM82XiX7y%2Bj6KoMRyJmd15JFTxisZ57o1gu9L3lpgZyYQaGY6HmjZ1SJZyKdzKt1rkiSx7v%2FfCLOdp0Qog7Aei1U0VvlyoId8U2N0jMfBXk7tcIoCyUAHywOa4HOfQeyvvrI%7Ctkp%3ABk9SR6yWzf20ZQ
"New ListingLenovo Yoga Pro 9i 16"" Intel Core Ultra 9 32GB NVIDIA GeForce RTX 4060 1TB SSD",$520.00,+$92.04 delivery,https://www.ebay.com/itm/286417173433?_skw=laptop&itmmeta=01JPKXK9C76XSR8XK59CNNM1XS&hash=item42afcb3bb9:g:aX8AAOSw01Jn2JfV&itmprp=enc%3AAQAKAAAA4FkggFvd1GGDu0w3yXCmi1cfqWRJIKU7QZqan%2BYxLEEEQOBGPc1gHMuqw%2FaaYh2EqbLBFQreN4GnkuYnE6KXJAqCIBbyzUmLBcSs3aThO5fl4uEv6y4DfExy1NQibZUxk1JNjrV0puJpKDBBn9bCDVPL8s42kxL4OgSO9C1RbDcZgXiEyucRVpYE8niPKRac8ZadXjDBhWW%2FKI9o%2Fmwk%2B7iEOtaufN7g5Haw9LtrqbyBQTeCDRffo0xHX9eA%2B8h9kqWW%2FE2tOE3QOaSl67Oj9NMtkUkuHkZLgAGcoCrUUiTl%7Ctkp%3ABk9SR6yWzf20ZQ
"15.6"" DELL Precision Laptop PC: Intel i9 Eight Core! 32GB RAM ~ 1TB NVME SSD!",$649.95,+$97.14 delivery,https://www.ebay.com/itm/116507650119?_skw=laptop&itmmeta=01JPKXK9C7T7P1N7KDZ08H2RPN&hash=item1b2065a847:g:IcAAAOSw4HlnyLQ0&itmprp=enc%3AAQAKAAAA4FkggFvd1GGDu0w3yXCmi1e0CE3QMLq37xcOGWFRTi1sWAe02g6Maqugc72UHEyI1ZNpRp3CG6QOFw8QhPCsLWZfhEnVTeL6lZO7F6ZFdSEg6gUiY%2B%2BuSnJ7OudsZdEOUwgU68ZHxeIfhq6eW25TyDg2Y2F7nfITiV8Ynbb0%2BPMoX3zMiZ038FzwhIU8DCUCwqaeGA%2BaMU1QTJzeTWUxB4lWFj6J2P3xauGdBiPBkQyFVjygm92JQ8xHZAINcP36TBxRwy932dCi6iRtCumoaa4hHCSfbjc3IxOC2muEX7Qb%7Ctkp%3ABk9SR66Wzf20ZQ
HONOR MagicBook Art 14 2024 Laptop 14.6 inch intel Core Ultra 7/5 3K TouchScreen,"$1,335.00 to $1,625.00",+$100.00 delivery,https://www.ebay.com/itm/166918630395?_skw=laptop&itmmeta=01JPKXK9C729J4YES59CF0GMZZ&hash=item26dd202bfb:g:-woAAOSwn65mvHP4&itmprp=enc%3AAQAKAAAAwFkggFvd1GGDu0w3yXCmi1eP4g0MvqbBirBN9Lv%2BVFrQ%2FruYLYE2mpKJWdd9GHuj%2FSJqnMJFdICEONGSQwivPvUqBN2gNwikVw145CPZPIA9MAaX4hinZNomiKtkazHs51fHiDN%2FW4E%2Bl2DNKSqHsnfoc9B%2BGQmeAgcUt1j55BQQ7xCN1KfpzDxr7m%2FrASjA9j7cagheITIimlIVFLtWUiDMaRqo3gxN89LfgyHQuPKZalB%2B8SZf%2BY56o6XDGAXQqw%3D%3D%7Ctkp%3ABk9SR66Wzf20ZQ
"HP ENVY x360 2in1 Laptop Intel Core i7-1355U 32GB 1 TB SSD 15.6"" FHD Touch W11H",$599.99,+$76.81 delivery,https://www.ebay.com/itm/388008686499?_skw=laptop&itmmeta=01JPKXK9C7BFWX1R97N9HM4M3H&hash=item5a571eb3a3:g:CpIAAeSw2WNn1Fjz&itmprp=enc%3AAQAKAAAAwFkggFvd1GGDu0w3yXCmi1dmE11XafvvAsKBr62t4VxrFPX%2BrWpwdKGA6GmBnrU%2BVV4m%2B3w4HnTl8OhTfdCLZgVy3KPXRiUHSP1UGsbP9%2FgIeiUQw0ag8Y9cX5637N%2BiSLX0UELgihaVP5BWDoRxdGMTwOXQM4N7PtB4O8Jwh98C4sKmGbTZX0%2FHhKOWkKAYMmpPXnktAuepBOUUxzyE8IBNFddnJ6E3%2B18ZD%2FvjXLZPV4t22pT253KN3TxZe79hkw%3D%3D%7Ctkp%3ABk9SR66Wzf20ZQ
"Dell 7490 14"" Light Gaming Intel Core i7 4.20GHz 32GB RAM 1TB SSD Windows 11 Pro",$469.99,+$66.71 delivery,https://www.ebay.com/itm/334480137378?_skw=laptop&itmmeta=01JPKXK9C7R4TJR05WR9J7D9QB&hash=item4de091dca2:g:l7QAAOSwPqBngvkZ&itmprp=enc%3AAQAKAAAA4FkggFvd1GGDu0w3yXCmi1dksIk7FmlY9Af7BKl3nl9D%2FN0Ilk1hWMD4CItjhN4dvFksV5Iqm7MaBcb7gEfxggkMw5zPKoq6VRQ7Hi67HxjckReaZ%2Br09r%2BOdGI0yyhTMeI8YHWPwtoWeasEsC0GApzJ6VXIfKvLt9BJgBxCSSfie12q6tMvq6tWVBTlovPSQOU%2FaB0qpE%2Bc9GApCWHxdbznge%2FprysglS4aPuMibz3K2K8tb8KtPi%2BSYfRa20yTSViUX3PneCpK5tSEB6tsV4R0z8XSvvi7sEOj6lRuCZWF%7Ctkp%3ABFBMrpbN_bRl
Cheap Laptop Fast Laptop Windows 11 Pro Core i7 11th Gen 32GB Ram 1TB SSD WiFi,$188.37 to $526.16,+$61.97 shipping estimate,https://www.ebay.com/itm/375584627809?_skw=laptop&itmmeta=01JPKXK9C8ENWBBX0ECQF6KBK2&hash=item5772969c61:g:Gx4AAOSweAJmyeSH&itmprp=enc%3AAQAKAAAA4FkggFvd1GGDu0w3yXCmi1fBT9EPMwFr9koIeH%2BiQBrVcSI6zDFIV0sZ0jDw6ERsGQSQksIgZ9rzA63tmNd%2BIjyI80hehZWHshdkmbnqOOR6fA6MwUbXT5KjU72j%2BW7JsgDoufehHkimY9gEowT%2FFsVeXqczkkfPOCql9kU3MtadJ6HJQhyha5l0xfTNiFbwaprYLCMYJe3kue%2BVod7%2FdT2XSn7bj8G4K8DeOEtrJgKG3F945wnIEe6P32fhARu5wiR8r%2B0lNoG0K3a6mse8digxv%2BHgA4LottTadluUmnG4%7Ctkp%3ABFBMrpbN_bRl
"NIMO 17.3 Laptop, Intel i3-1215U, 32GB RAM 1TB SSD Backlit KB Fingerprint Gray",$469.99,+$91.83 delivery,https://www.ebay.com/itm/335831078458?_skw=laptop&itmmeta=01JPKXK9C8T63RX9BSHNZZ3HNC&hash=item4e3117963a:g:jqwAAOSwxC1nvXPg&itmprp=enc%3AAQAKAAAA4FkggFvd1GGDu0w3yXCmi1eCxF1bgnvBIpb8B0mJ3GH2xDyaYnT3R8cUHAr32MJdCXtjZE9n0cLgcITv5sZtZjmthlsPaCKef7oYzxs3j8UbchcKG6waGzIv486ljqAyg%2FExIycsBW2XP7ltKjB%2FhMNKMBa0gI3KCf1udgZfqzBW4B0lUYIZCtMGCsDQcxTnLrndL1DDY--Kg1v7MPiIBmjo83rviLUfruOyKxOkGaOG87IY9m9SjnWfI43ftc5dJyV1zXOZHiwFq%2B71NQqwzQSjAIabTOvALquAyYtp960W%7Ctkp%3ABFBMrpbN_bRl
"Dell Latitude 14"" Light Gaming Laptop 32GB RAM 1TB SSD Intel Core i7 Windows 11",$465.00,+$72.83 delivery,https://www.ebay.com/itm/335687791979?_skw=laptop&itmmeta=01JPKXK9C8BWTMWBBH6K3X6TN4&hash=item4e288d356b:g:cY8AAOSwGUJnfCzB&itmprp=enc%3AAQAKAAAA4FkggFvd1GGDu0w3yXCmi1cdWIerg%2FVG6Jw2FxW8eP%2FpSIj5iZlkE606t7b2E2CIkExGkvaokqQ6Em4g75vn9y1VqD9tIg3esjqsEhZCzUGFHx8gWzLkoaWonnLLqpYsWPUjFL6GbK%2FFmKfKQB1vfFvfO4VLvvofpxils2e1t2T3E9kTorMy1E6SKGikJ8mF55LokNJpjEwi8moGMDDqCoXA6Y8iEIyIQ6QzNVwkqRA2uXR4oBYm5GlnRJJ49kKjYa8S7LuILtv5H7C2Cdd7jeySEBKmUdlAWKJbQDyclLs5%7Ctkp%3ABFBMrpbN_bRl
"Lenovo ThinkPad P53S, 15.6"" FHD Touch, i7-8665U, 32GB RAM, 1TB SSD,NVIDIA P520;/",$240.35,+$84.67 shipping estimate,https://www.ebay.com/itm/396312067871?_skw=laptop&itmmeta=01JPKXK9C8F1X3EKCG4NN1EQTP&hash=item5c460a3f1f:g:W9UAAOSwTJJn0XV3&itmprp=enc%3AAQAKAAAAwFkggFvd1GGDu0w3yXCmi1e%2FNAz8G8rVrnM34Q9yXYBJaFEO6noM%2FF%2BO%2B64fLoPv42n9kyjpeSoR094NmvPrSV%2BDFSMaYXUmEN4gcnjvS%2FvAkTH4q6jxgq1Bo1vKXjeKPorYhSSOxZd%2BGNgEej%2BeyYEx8JwaDwp7kDwbvHGoTXAtFY4PtlzXEEzg361gcIZ%2FrikhVQrc30nxbCoUlFLFuLTqDslBfwI2vFxpZsXJ%2FrhSjnAeDCDBjUWDSR2P%2FH3gQg%3D%3D%7Ctkp%3ABk9SR66Wzf20ZQ
"2025 HP Laptop Computer 15.6"" Touch 12th Gen Intel i5, 32GB RAM 1TB SSD, Win Pro",$539.00,+$81.31 delivery,https://www.ebay.com/itm/146402237585?_skw=laptop&itmmeta=01JPKXK9C8S7XB8KB54J03QDVS&hash=item221640dc91:g:fVwAAOSwb4lnkA0l&itmprp=enc%3AAQAKAAAAwFkggFvd1GGDu0w3yXCmi1dK9F6dry8RjmWuA9XFXtB5pOWrZYA%2FYxluDI6NLFdubBQ7SRBdAJBFJf%2Fa8qDqekaF%2Fh%2BIVT0dZpXlDJ18b7HCOMOlRlNouGzDPNRpYujF22ccWDB%2BOMjW8lnzJgCPVGw06%2BMu4FD3GRTAwNucL7mjGfU97lffx63MAbysDoUyDK8zxF8WbPT9rJwsU0g1kqMh3ViI1rEZgTAs7r5erPKLhX%2FajHz2qnb4WMYlKBVe8g%3D%3D%7Ctkp%3ABk9SR66Wzf20ZQ
"Dell 15.6"" NVIDIA Gaming Laptop - Intel Quad Core i7 64GB RAM 4TB SSD Windows 11",$449.99 to $775.00,+$82.22 delivery,https://www.ebay.com/itm/335333304416?_skw=laptop&itmmeta=01JPKXK9C8Y99ZASNBWEH6VJVC&hash=item4e136c2860:g:AGkAAOSwVsxnfCsq&itmprp=enc%3AAQAKAAAAwFkggFvd1GGDu0w3yXCmi1e8jE0PygydmuDn9SKeatKTwBbh%2BzWxbSgWDWuOqfxiUndSa8T2oy%2FFvy2mpAamY%2FkpCKXEoTIzJLn5dCvY94XvwwlfTgYtyI645psnoioK6KmLXZR4bti0Atvqt34ANijNLssC416uUt1xI8P1sPUIsaGy2TCnoZtrJvlYSgT5TZ3RnqsCMImIubT1%2BhkE3vP5O%2F8SLifc4Dh%2FqDJDEqktvY94DYFeO8Bnhtx0s4g5FA%3D%3D%7Ctkp%3ABk9SR66Wzf20ZQ
"New HP 15.6"" FHD Touchscreen Core i7-1255U 32GB 1TB PCIe SSD Webcam Windows 11",$677.97,+$79.11 delivery,https://www.ebay.com/itm/306138851780?_skw=laptop&itmmeta=01JPKXK9C82XYG4WYS26BWJHMN&hash=item47474c29c4:g:M5kAAOSwn09nvulx&itmprp=enc%3AAQAKAAAA4FkggFvd1GGDu0w3yXCmi1eVDSSLI69qP7bnGEX7sj7%2Fpy4v7jFzsg13gzoHw52kDy2fZuPjFR7F3P9i5xtf%2BvnR7H9OvPcTSaLAoKuVEl3Y1oTjcSntD6PkFG8GrYK7I4IX9HmMUgX7EzclyWRvgJurRzLSztt2DegY4UZMwavE7cVlNmOy56DFFO83yZruHOPRIxuKwmpSko4cCZODybiuTL3RnJObInXxWf7Gny0vrNkZVGaou868PGTbzHls2iyDz--GnwBTOpbtehopc8FQw1d3%2BZLQY9cm9MzW2oqO%7Ctkp%3ABk9SR66Wzf20ZQ
New ListingLenovo Legion Pro 7i i9 13900HX 32GB 1TB RTX 4090 240Hz Super Gaming Laptop WTY,"$2,817.96",+$222.92 shipping estimate,https://www.ebay.com/itm/267192037121?_skw=laptop&itmmeta=01JPKXK9C8WK2ZDTR4KFRQ64EV&hash=item3e35e2ef01:g:7xUAAOSwewJn2Dtr&itmprp=enc%3AAQAKAAAA4FkggFvd1GGDu0w3yXCmi1fAKACxlZfUouZWIO2yqKcLSQ6AAnRSKVuCuq%2Bs4GqYzPRZe6UK0zmSgsRMX8ZczTlaehJo553thtdwASUXN0fgjA9zfi2unH%2FRE8VnOyQGyw1VWKT2NOuvQFZr4MgOT4BBRxiyhyJogYf6%2BvPWBQvh2T8fwT6GOhsL0ZRrHfVW4Q3fhOFouVO2yUrhtNnMyt5XAWBW5y2NEfupg%2FgfBXE5dPQM3SxEIQ9IRgF%2FHbwajqBrslkudqEsyUtSBes8w4b%2Fy86ClafhU153cnIl92xY%7Ctkp%3ABk9SR66Wzf20ZQ
"2024 HP Laptop Computer 14"" HD Quad-Core Intel Pentium Upto 32GB RAM & 1TB SSD",$259.00 to $449.00,+$78.65 delivery,https://www.ebay.com/itm/145920820468?_skw=laptop&itmmeta=01JPKXK9C8NHPBX17DHHA6BBKN&hash=item21f98f04f4:g:kokAAOSwEwNmqVeq&itmprp=enc%3AAQAKAAAAwFkggFvd1GGDu0w3yXCmi1fy9LK93kqajO8Yo4NH%2FFJVhGlTIbRin%2Bq5YNlaNAMWQ973b0oJgtLv8FnpgYRYfVCeaY11I1V8unOWPo7YuVxUM535paaf6AhPgqd5ir%2B6zWpTzlEzWfd36L6V9AMrtO3K86kCwHFrNwrCNbjMHUOIr%2FtOPORYN8ypf0FbWPefQo1HmhjF5ph8E9sfyXo0vaQMTNXZdIGBH2DIrKN4cXNd4j7qjjaZlGIeDhJxZ21QUg%3D%3D%7Ctkp%3ABk9SR7CWzf20ZQ
"Thinkpad T470 i7-7600U 14"" FHD 32GB RAM 1TB ssd Win pro 11 Pro Laptop Notebook",$379.99,+$70.32 delivery,https://www.ebay.com/itm/225265868207?_skw=laptop&epid=2326291610&itmmeta=01JPKXK9C8NWPJKZXRQX7H6C67&hash=item3472e45daf:g:xi8AAOSw7K1io7AU&itmprp=enc%3AAQAKAAAA4FkggFvd1GGDu0w3yXCmi1ftOeXj1A996iyjGD1wp%2BfpIEqPPyn99CJNHa1uY%2BRvnXcS52NuSgb%2FHDm6V1jiQqwvtZqktWgl2ka%2BA2AAvnHVhRZfB5IBZaajtoim9EIFGTwa4f5Bu7qoPgh5qECod21eKRWs9eKyb9nCqVTG397HC5SQRb11VylTI8dntE4EcaKFXC4nYaXSNkG8d8tboWIfCNAi7q0UvdBJ7pbNPLDLSbSh83K7kLJKR2Aa3IFWliCrWfXEgGmXDOWzDpqPXOQKqdK15K%2BvqvmKg6aCOjN4%7Ctkp%3ABFBMsJbN_bRl
"NIMO 15.6 Laptop, i3-1215U, 32GB RAM 1TB SSD Backlit KB Fingerprint Gray",$419.99,+$84.06 delivery,https://www.ebay.com/itm/235975450686?_skw=laptop&itmmeta=01JPKXK9C8M1386BQJE06Z922W&hash=item36f13ba03e:g:hLAAAOSw7WdnvVnr&itmprp=enc%3AAQAKAAAA4FkggFvd1GGDu0w3yXCmi1fgWAaSvgIwaGMRVMGCP5clO3lSsB%2B0gWnrBSqQXS37iUAHFBjRKVn4dglAPXx9WcI9U4ON2Asqz9JC65MJjDu9%2FDOFbzf3oH6d8lHCk63rdA9fAIezYzvnXqCW7UpU93m0q2FZ1ggParbGXJDsMSixYiwYTvgaNadK6sc56qnCzvG36J2SGj2IkVzbkpGftBN5WBff2PJkrAPG1W4PBwdtrDqqZifH5BPa4BHL5gLzW0MNzVZN6SpzV9FJFdJKyfiL1ZM0cleOSk46AHCnH1OT%7Ctkp%3ABFBMsJbN_bRl
"Microsoft Surface Laptop 7 15"" Touchscreen Notebook - Qualcomm Snapdragon X Elit",$820.00,+$128.10 delivery,https://www.ebay.com/itm/326488130470?_skw=laptop&itmmeta=01JPKXK9C8H1CE4ZKCDPYJ848V&hash=item4c043583a6:g:8zwAAeSw~PRnzLUE&itmprp=enc%3AAQAKAAAA4FkggFvd1GGDu0w3yXCmi1c%2B5bpHWagWR%2Fy6eHoqzpXrCyR1es30SRQR2FwV08zWpfKGW8shnVo1S1d%2BFCQITue4FIEXgRwI8QHi6qiMdFL%2FuLVRPBZEI6pBo62oGMBY85K1y%2Fy6sKLmhsQtMIOl7FFR0T%2FuUNBXoQeqjtbfTMBTeaspRbAI9mgaZL%2F5iaTGEfANlDWg3RgSUwiVFCkQD3rqVKVvxOOqL5Z13XNMTcGkRwzKuB0PPsg7f97ikxeglNNM4%2BpMKVQ%2Fw1sUsOP2FZdX56QyHzfTqZV%2Fq7w2oTI%2B%7Ctkp%3ABk9SR7CWzf20ZQ
"Lenovo IdeaPad Pro 5i Laptop Ultra 9 32GB 1TB SSD 16"" 2K OLED Touch RTX 4050",$899.00,+$98.19 delivery,https://www.ebay.com/itm/226356725190?_skw=laptop&itmmeta=01JPKXK9C8APW8Q6YCMHYTKPA2&hash=item34b3e985c6:g:CQMAAOSw~GZm6boh&itmprp=enc%3AAQAKAAAA4FkggFvd1GGDu0w3yXCmi1d8lFy0amdoIxKTm%2BmuMPsNVriJcejccpapJRTKr8LptzQ74kyX1lYLLSqQ%2FDspYX6Q5TGbXEozpcuH8fZXuFB7QpxTGqe1eyp2E5haDscdP4kR8Gat1nAjyw8wpiRRrLkeibU2quwMCTcFnZ4%2BLqoi%2F%2BEGMGlsd3o9XSnZmgoMT57AHDwBITBL4s9HnORuyMhg%2F0Eb%2FptO61d9csTr4knS6JN46KTHVAmseT2zFWME5NZ1TsDKTUK%2BLPnlKDoPxPPs742et%2Fu1wrSNNksIYyz5%7Ctkp%3ABk9SR7CWzf20ZQ
"NIMO 15.6 Laptop AMD Ryzen 5 3500U, 32GB RAM 1TB SSD 65W Type-C Backlit KB Blue",$399.99,+$70.91 delivery,https://www.ebay.com/itm/335831370713?_skw=laptop&itmmeta=01JPKXK9C85SVXBJ623FAM8EF0&hash=item4e311c0bd9:g:b4kAAOSwW7dnvad4&itmprp=enc%3AAQAKAAAAwFkggFvd1GGDu0w3yXCmi1fWO7Obqy%2F9X%2BPshLE2WM%2B%2FTuEyLeSfdc1B57IhSUfNcuc7FV4fE0xqEtZcC6MGgyp9UJUsvs4EhlYEDjJTKiouuL0gtO3qtfOPiuA9LD2DQbFCf6dvIrX%2BCSQ5%2B5RKrKhFXLZHEy6WEqo59VSSdVr3h8nFL9Xao1IiOusA2S41DEMp5CVCxEO18RlEKKxLA8YZr4KSkNtsfqH3fxohtBK6xpa1LGtDpO4VLHPBov08nQ%3D%3D%7Ctkp%3ABk9SR7CWzf20ZQ
"14"" Dell Latitude TouchScreen Laptop: Intel i5QC! 32GB RAM ~ 1TB NVME SSD!",$324.99,+$68.70 delivery,https://www.ebay.com/itm/116095910082?_skw=laptop&itmmeta=01JPKXK9C8GZ9PE8SYFXF8RWS5&hash=item1b07db00c2:g:0N4AAOSw4slnsNfZ&itmprp=enc%3AAQAKAAAAwFkggFvd1GGDu0w3yXCmi1f6lSjZXtahgzUT97PkBqdiR8TmpDKQhTCOfNRQmQJ5Wf%2B3HtsuY%2F7mVMEAKFV11IL%2BEL4dRWp6y7ddOyj%2BfdvnhAjZBkPiSmeZQJiPv2jTNERadZDJRDyOhsm1Nwv3w0Q3G3AvSK5BUP51zT%2FmbXqTvrEddDPTG3rzS6CQULdTjvlmocO5OrBg80VgQGD96iPps32guyb3dERAYxXPL7j5jUdLiKS2x8SsiDHoGZKoww%3D%3D%7Ctkp%3ABk9SR7CWzf20ZQ
"New HP ProBook 450 G10 15.6"" FHD Intel i7-1355U 32GB 1TB SSD Webcam Win 11 Pro",$780.27,+$82.13 delivery,https://www.ebay.com/itm/305293238499?_skw=laptop&itmmeta=01JPKXK9C8ZHXGRDMS4FNS58R2&hash=item4714e520e3:g:ghAAAOSwNxFlJamd&itmprp=enc%3AAQAKAAAAwFkggFvd1GGDu0w3yXCmi1f4xvMTiZPNVLoLY8zBz3WXxUUE7PFp1fzjSTPs99g%2Buzf3heoLbpa%2FRrYYyyLf0Iz4vLL6qeR2R6fzI0exgEGFMyxeQKQVFMnIEqaDyfItkSaBVrcauzJkdGDo3Wr9HrBZjJ804z622GJ9i9tbZHHX6XMn7Q8R4JIx6TseOT9KkgZ1I0hVU9B2zbo9sfnEojxu1lCegKuhWeOQOFDNpwiE%2F3sIecRCH1kwzXsvXO2yJQ%3D%3D%7Ctkp%3ABk9SR7CWzf20ZQ
"New ListingDell 5550 Laptop 1TB SSD 32GB RAM 15.6"" 4K TOUCH - CAD/GAMING nVIDIA + WARRANTY",$699.00,+$104.83 delivery,https://www.ebay.com/itm/167384355527?_skw=laptop&itmmeta=01JPKXK9C9VXH6NNS67HJGNHJ9&hash=item26f8e292c7:g:0wAAAOSwvytnpocK&itmprp=enc%3AAQAKAAAAwFkggFvd1GGDu0w3yXCmi1cecvqi5JzCd20%2F4OTFUMkeyyBgkXOao910hvpUSv1OYd9i7xaRkhGErsMHGvsxXzp3dA9IGHe3hDBMLvDpMVPYYDrqlVagi5ErRiO4nVqw%2FO0f4iyxxLYz6xKtUqh7fop89bMuU2u%2FCG07%2FSos8FraOX834goflQ5BIRJFebuSVDlU6DkycDiXbg317R%2F3pxqYJ85Fc7j%2B0wP%2FVsNnWxn2Bb54LYaeV4VZifutiUGAyw%3D%3D%7Ctkp%3ABk9SR7CWzf20ZQ
"Lenovo IdeaPad Slim 7i 14"" Touchscreen FHD+ Intel Core Ultra 7 32GB 1TB SSD W11",$639.00,+$96.82 delivery,https://www.ebay.com/itm/226359046038?_skw=laptop&itmmeta=01JPKXK9C9CE7158WK0MGH52NE&hash=item34b40cef96:g:9AcAAOSwg1Vm6xJG&itmprp=enc%3AAQAKAAAAwFkggFvd1GGDu0w3yXCmi1djPy0QeCJlJPDEn0WomCTv6znSFmkPUzGbM68LrENracgDxtZZRFr3AzoCqpkWRJkARtIhekIZPY6DRavNkdAZFal%2FXkUtNhqM%2B8YgnPGWhit70hce6I5jpDuibprFI8R3srDhp79zwosW%2BNeJDR0Cilo%2FqD7jttbY5TOSG%2FVYcm%2FGNafN0m69EF4w8ITZ2S8j9ObyLHC0a%2Ftu08Rx%2Bhjb0ya7XqvsQMv64n5jgLc9TQ%3D%3D%7Ctkp%3ABk9SR7CWzf20ZQ
"Lenovo ThinkPad P53S, 15.6"" FHD Touch, i7-8665U, 32GB RAM, 1TB SSD,NVIDIA P520,.",$207.87,+$82.93 shipping estimate,https://www.ebay.com/itm/396318734362?_skw=laptop&itmmeta=01JPKXK9C9RT1A91S1V9JQRJB5&hash=item5c466ff81a:g:yD0AAOSwh~Rn1BhW&itmprp=enc%3AAQAKAAAA4FkggFvd1GGDu0w3yXCmi1ef2JA1L32KIyLNBGFxyekCPfDF%2B%2Bkh3mV75GNUtFXn7ZCN%2FiaxBaq48Y5J3rfgE%2B3IBHiHZrTqPsRXETs8gtyiM%2BLmN4A4CTYK2NZzZJEQyWxKE5rjqWH7zeWdseYs8f6o7vAE9ZhqL2i%2BlunnrxJnmtMxSKYfJzyw0G7a2Qz181IIlbxx8YZSYmcyqoOWfXpEq5LZAliYq%2F%2B6EpA3v%2FfrBn41jZ9MOOakXnG0TZ5GI7G5OLPD7v7wKSy0bOkF0Jw4QCIJbufdvA33SC1Xc4h8%7Ctkp%3ABk9SR7CWzf20ZQ
"Dell Latitude 5540 15""  Intel Core i7-1370P, 32GB DDR5, 1TB NVME SSD, Win 11 Pro",$739.00,+$80.91 delivery,https://www.ebay.com/itm/126863363104?_skw=laptop&itmmeta=01JPKXK9C901FHWABBCM34DN5W&hash=item1d89a54c20:g:-PAAAOSwumZndu1w&itmprp=enc%3AAQAKAAAAwFkggFvd1GGDu0w3yXCmi1cSa9i7UmUvIFsQ683ErVZWmEWDqDQDzTjBWSsGVAoP66wgn1mjO4SbyuOos4jPRC3%2BdVIiFdfiXoNv0T%2FlzNUMTG14JO9lMoae6G7iAg0dnOuEcdLyD9avdth%2BSsZkqY%2BS7yS126L%2BtO6kCQpXO%2B49IoOKYcKRrP9E9RspN7EP7fk2wkOOVlAmAvgG9choEhrNq%2BpCIkqnXuBG%2BAIDU8%2F4AEE2lxU6i%2FACeZSaAvT%2Fjw%3D%3D%7Ctkp%3ABk9SR7CWzf20ZQ
"Foldable screen Dual-screen 22” laptop Intel N100 3.4GHz,16/32GB RAM 1TB/2TB SSD",$646.16 to $703.56,+$25.00 delivery,https://www.ebay.com/itm/335834855018?_skw=laptop&itmmeta=01JPKXK9C95PJF749H2KHW06ZE&hash=item4e3151366a:g:BA8AAOSwp5hnv~-E&itmprp=enc%3AAQAKAAAAwFkggFvd1GGDu0w3yXCmi1fPZjniJ%2FqMiyKdou7uL%2FXQT8fZZkPKNVgmoePS%2FOUPQ3vlRQ%2FVWBoZOnrA%2Bp1q0pU6zAwN6Zjt58jVU%2Fs3UnUGEmQwjzc5%2BW2d3YxR8EoXCYX2WxpOWwqdJEthmnxLBPhxM%2FToUYCLZOr5Vc5KdFEc1AtwhICq33agFdKJN0HfjjbHrj6hiMxdZ49nudyXhVzbqah2Q3TJ9z3lFSJJ0O55TqzjfHkEgy18K5BgBLXtxw%3D%3D%7Ctkp%3ABk9SR7CWzf20ZQ
"2024 Acer Aspire Laptop 15.6"", 4.7GHz Intel i7, 32GB RAM & 1TB SSD, Win 11 Pro",$549.00,+$81.60 delivery,https://www.ebay.com/itm/126730618278?_skw=laptop&itmmeta=01JPKXK9C911K6GW8WYEP8A581&hash=item1d81bbc5a6:g:Q-AAAOSw82xnEqBf&itmprp=enc%3AAQAKAAAAwFkggFvd1GGDu0w3yXCmi1deRm%2FIfK4CUC08mtKs61hZXyxMp3WGcdNwX5eKRdmrNqXG8VTsg1hPa%2FQpbj8g%2B%2FLcbWHDhaFhYnKO3IqA9MlpnmFfbVqp7PpHgUBPuh2Fqe61CjAH7%2FDYeaF4lurGEWAim15KXnLqDovauk0ltfXOm1npXF78EVJyYHOi6yovZ6L2Z26lEoDss0YlBejETmkY303aLNX4gyjYrtepl5%2FS9vLyKzoMBl%2BsaJvbV4ytSw%3D%3D%7Ctkp%3ABk9SR7KWzf20ZQ
Dell Precision 5550 i7 10850H T1000 32GB 1TB 4k UHD+ Touch Laptop VATINC,$778.22,+$100.58 shipping estimate,https://www.ebay.com/itm/267182177850?_skw=laptop&itmmeta=01JPKXK9C91A544B47G5J964DW&hash=item3e354c7e3a:g:69EAAOSw~O9nlBhg&itmprp=enc%3AAQAKAAAAwFkggFvd1GGDu0w3yXCmi1eSNFvSsU9qfrSUie%2BX4arSibKYmjCfyhCV04wpdWAFTpZ5pb3FXNRtThPnzIuchIp7saolUFVnW2IvrtAk5c3DevLFOWGOFIa0eSaD3b7s1WmegG8ITXYwkKJsHNGYmJZcwUTMy9U5l8smVVw40lhuI9cpHzqLXZpt3rEwO%2Bgfn7HX3MOatgxI2%2BufviTX4nU54ddplbOE7rTvJYwo9x%2FSpoZ3PAklme%2FAHIEtz%2BzAnw%3D%3D%7Ctkp%3ABk9SR7KWzf20ZQ
2025 HP Laptop Computer 14 Inch Touchscreen 8-Core Ryzen 7 32GB RAM 1TB SSD Pro,$599.00,+$76.78 delivery,https://www.ebay.com/itm/126980621578?_skw=laptop&itmmeta=01JPKXK9C9PCY9M9AQ3053CJR9&hash=item1d90a2850a:g:JsQAAOSwie5nx2BP&itmprp=enc%3AAQAKAAAAwFkggFvd1GGDu0w3yXCmi1dsfaplXuLReMiwHDpB9AEWvUo2n8GsELVcZmyvkQNoV6SAd309Xpp3%2B%2BaDxbfahPM8GJe0QyH%2BMjHVJSCliIGWPXQ3XsWmWUEghwQ6zvG1%2FLU8RAaVAEk5V2NDbj66m6tSsmJ3SzRuAFdwC1vmh7fnisEqYTk8EeA0D55G5uyYuMvkf%2BqXwKQTVOdeRGR3L5UTC7LwT77FPVi3F%2BvqcIVqpEnyB2UTEshzb%2BUvyh2z%2FQ%3D%3D%7Ctkp%3ABk9SR7KWzf20ZQ
"HP ZBook Studio 16"" G11 Intel Core Ultra 7, 32GB RAM, 1TB SSD",$800.00,+$222.10 delivery,https://www.ebay.com/itm/256850436583?_skw=laptop&itmmeta=01JPKXK9C9D2S49F88ZVACA754&hash=item3bcd7aa1e7:g:1PsAAOSwTo9nzgFo&itmprp=enc%3AAQAKAAAA4FkggFvd1GGDu0w3yXCmi1ecQSrADn6xda5vf%2BiwQEAp%2BcnCbQyG8LOosmKtRVcgom2xFmpGYAypBAhF5ak7%2BVDpI%2FCplxrIXtg7VBqJPZ4KC3YAEDOBWCcX3q38ZNS6pIKVBpUgw%2BEhnAGeh2QXqlnHwnDXOn%2B32%2BW2J3BNXYmfGqgDrJw2K5lCS03yve5vRzXq2Hf3Y%2BCfUeP9%2F8gtlFmyMywml%2FlgB%2BA7tEjPHID%2B93vfSo4XWZBcW0WVxRfYhmr6N0bewVdEeet8wSTz3%2FFafkBoeyynC0g%2B6wU8MOd6%7Ctkp%3ABk9SR7KWzf20ZQ
"Acer Aspire 3 Laptop 15.6"" Intel 10-Core i7-1255U 32GB RAM 1TB SSD Windows 11",$760.02,+$109.05 shipping estimate,https://www.ebay.com/itm/297060585260?_skw=laptop&itmmeta=01JPKXK9C9YKXGB7Z3C4E2XN0R&hash=item452a30cf2c:g:2oQAAOSwi1BnvuIO&itmprp=enc%3AAQAKAAAA4FkggFvd1GGDu0w3yXCmi1c20j0H6XvkIzNVZiV9blaPHEUmLCVFTIzxFRLT%2BUu4ryp7bSeRzszhOkCI6EfgAriPDkinFEMu9baPGWSQ7geU9noMu9WegptE3Og7X6dO%2B7zUqqGuTbOujCf7RgwgFO60499ObYPd1Voa2RBbLthXAtV20EEbqQlP2xXwstBclSE4xUFNxBQzkxp3WHxHPde8U7lRICtrQnY%2BqloHvL6HMZewr5jsmLQSiNh%2BGHYGWo%2F27ALvYHfD3Rb%2FuD%2Bdkh2PJUXrSkRbPuSbp0%2BTqi1C%7Ctkp%3ABk9SR7KWzf20ZQ
"Dell 15.6"" Light Gaming Laptop Intel Core i7 4.20 GHz 64GB RAM 4TB SSD Win11 Pro",$379.99 to $744.00,+$80.13 delivery,https://www.ebay.com/itm/335333243508?_skw=laptop&itmmeta=01JPKXK9C9ZX3N5E6SQHYPCP5C&hash=item4e136b3a74:g:cpYAAOSwGbRnzHFx&itmprp=enc%3AAQAKAAAA4FkggFvd1GGDu0w3yXCmi1eDrXCoNHwf3ePrRGIfA4WTpGco5D65FY0hypjonREhxFdY%2Fcw398Lxb0rJURGEYkOKyUTVe6XCKwQiRbdPE10dDkcj3ewJrNbfIu8p9fJHJEYLH0Mf%2BMbyUv0PEt%2Fv4DkleI9TfxCaJ3XT1R%2B5sZM4bDKGPT3JSRedmsWrUK9Z0vdHImNaxBy4bxfm8WHwZGh5It9WgAP7Kjcbor9Uabput1nKzYj3vzlJU1z83FhNwuQcfhati3Wu9pXp5jba0ZUWyehQZoESxlXWrHnsxx9N%7Ctkp%3ABk9SR7KWzf20ZQ
"Dell Inspiron Laptop 15.6"" FHD Touch Intel i5-1235U up to 64GB RAM 2TB Win11 pro",$367.99 to $591.99,+$92.13 delivery,https://www.ebay.com/itm/156785469161?_skw=laptop&itmmeta=01JPKXK9C9DRQP7MWJGF1VM63M&hash=item24812466e9:g:CE8AAOSwNiRnvTIn&itmprp=enc%3AAQAKAAAAwFkggFvd1GGDu0w3yXCmi1dYXAT3%2Bb1g%2BxWYn2asc24I0eQZakIZqiBQU6a0eHDz%2FYg95WSYMYRE%2B3kZUreW6o2zRDYMym2Z1bE5j5Ft%2BwpdDENXQXvA1V6kQVp5jUS6Vmz0lnm7dujSs5%2FB0mTfTBBn7Aw%2Buc%2FX3iP%2Fnc6csDykyWCQTomZ8S3SVh5VicMtt2XLY%2BXjbonBMCcf5LUU82ehYOxI%2FG5FA3nBMJx8yLw9cwrTpvpoGLi8fDE5y09bOg%3D%3D%7Ctkp%3ABk9SR7KWzf20ZQ
New ListingASUS ROG Strix SCAR 17 R9 7945HX 32GB 1TB RTX 4090 QHD 240Hz Gaming Laptop,"$2,856.94",+$225.01 shipping estimate,https://www.ebay.com/itm/267191998987?_skw=laptop&itmmeta=01JPKXK9C98A9AFPEBJ0ECPJMS&hash=item3e35e25a0b:g:7qEAAOSwbuFn2C11&itmprp=enc%3AAQAKAAAAwFkggFvd1GGDu0w3yXCmi1dIiaoc2wG1BFrJcYPIosv9vAMgwYG6XQ%2FuafkeO8GjaBCoVA4%2FLXSP24v2Zs8qsQoj%2BWKVm69YkYJqerdwXg32D0EPmH2Inmtx1d6jXG8tqQbqcSyFCb3NeNMmntb8L4iYNzaISsdsBQXy2Htf%2BCoXp5OHlLfd2fcQLVlQJ8Qxntd1nyvL%2FWQXlolLDoDgUtGdFajV1ZBZZs68K9nHKg56oAtXyA%2BgJvnlNX6VPAgh1A%3D%3D%7Ctkp%3ABk9SR7KWzf20ZQ
Dell Latitude 7490 14’FHD I7-8650U 32 GB RAM 1 TB NVMe SSD WIN 11 PRO WIFI CAM,$339.95,+$62.88 delivery,https://www.ebay.com/itm/135241868556?_skw=laptop&itmmeta=01JPKXK9C9Q8P99Q8DJV64TYZ8&hash=item1f7d0b250c:g:UDIAAOSwKjJm4IPf&itmprp=enc%3AAQAKAAAA4FkggFvd1GGDu0w3yXCmi1fE8M9%2FNlPLUYl4BOPMNFZUreQY%2B1FeOjA2coyjk88LqFWHmDURGR%2F9sCNkJ0SwlOna0jBEhHVFHbpxEiGs4V8ntIUuDJpk%2F9Tz%2BpMLoX62oSx2ZYR9ARRopv%2F69ygS0euSSsgfb%2FEVpkxCSet1D4BMXnaxPCw%2BPWVIJcqUzbuwkolCBcyvQeebhuwTGkMrEkb79lqp%2B%2F1mg%2FS6zqDMK1JGiTHpb8d4rl%2B8eA%2B4%2FEs%2BrkQDU20PdxQ7mRRfRWKzDNW%2F3qJutGLGJL%2Bntm8Q7CSy%7Ctkp%3ABFBMtJbN_bRl
"NIMO 17.3 Laptop, Intel Core i3-1215U, 32GB RAM 1TB SSD Fingerprint Backlit KB",$469.99,+$91.83 delivery,https://www.ebay.com/itm/335831061854?_skw=laptop&itmmeta=01JPKXK9C98FAJ46DXN31W051Z&hash=item4e3117555e:g:9n4AAOSwcYxnvXFW&itmprp=enc%3AAQAKAAAA4FkggFvd1GGDu0w3yXCmi1dKeyU2IHMpNs1dzTeSIzU78e9uiEiUh%2FIF%2BeuCHqrdHmpJUORRXgrtGgXyGSfRlHTrtmKmY43l341tsu8APFqz0vALicN%2BUp%2FgsLnOlxS3z4Lgc%2BCxkE7uE690YfrX0P0eSfELriEixHjQyfWHCLmG0d23tfmgaXLos0P3HXey5lRqoSEBlKWKDKW6qQM3cw%2BdKhgMcFDxMvbJfvGTN7CG%2FJqO%2Bbhn6XBzrC8zIIGYtaDk2CWogpPQEOa9f0seVIVo6ElXoQfNXBRjH%2BjMW5Gz%7Ctkp%3ABFBMtJbN_bRl
