service,latency_ms
login,159.9
login,147.2
login,163.0
login,180.5
login,145.3
login,145.3
login,181.6
login,165.3
login,140.6
login,160.9
login,140.7
login,140.7
login,154.8
login,111.7
login,115.5
login,138.8
login,129.7
login,156.3
login,131.8
login,121.8
login,179.3
login,145.5
login,151.4
login,121.5
login,139.1
login,152.2
login,127.0
login,157.5
login,138.0
login,144.2
login,138.0
login,187.0
login,149.7
login,128.8
login,166.5
login,125.6
login,154.2
login,110.8
login,123.4
login,153.9
login,164.8
login,153.4
login,147.7
login,144.0
login,120.4
login,135.6
login,140.8
login,171.1
login,156.9
login,114.7
search,316.2
search,280.7
search,266.2
search,330.6
search,351.5
search,346.6
search,258.0
search,284.5
search,316.6
search,348.8
search,276.0
search,290.7
search,244.7
search,240.2
search,340.6
search,367.8
search,296.4
search,350.2
search,318.1
search,267.7
search,318.1
search,376.9
search,298.2
search,378.2
search,169.0
search,341.1
search,304.4
search,285.0
search,304.6
search,200.6
search,289.0
search,317.9
search,373.9
search,274.1
search,259.6
search,274.9
search,345.8
search,316.4
search,273.5
search,325.7
search,304.9
search,348.4
search,264.9
search,283.6
search,280.4
search,226.8
search,314.8
search,313.1
search,300.3
search,288.3
checkout,315.1
checkout,374.8
checkout,379.4
checkout,351.9
checkout,390.3
checkout,424.2
checkout,513.2
checkout,410.5
checkout,415.5
checkout,395.5
checkout,284.9
checkout,398.4
checkout,403.6
checkout,547.8
checkout,388.5
checkout,418.1
checkout,397.9
checkout,329.9
checkout,468.6
checkout,445.1
checkout,447.5
checkout,345.4
checkout,484.2
checkout,315.9
checkout,435.2
checkout,531.4
checkout,340.6
checkout,366.0
checkout,406.0
checkout,369.8
checkout,307.0
checkout,404.1
checkout,336.3
checkout,428.4
checkout,344.8
checkout,493.0
checkout,353.0
checkout,380.7
checkout,448.8
checkout,326.1
checkout,413.6
checkout,478.4
checkout,303.6
checkout,411.1
checkout,415.6
checkout,446.9
checkout,325.8
checkout,320.8
checkout,431.3
checkout,417.8
profile,257.5
profile,260.4
profile,229.6
profile,257.0
profile,258.8
profile,228.6
profile,306.0
profile,264.2
profile,214.3
profile,269.7
profile,220.8
profile,273.6
profile,284.8
profile,225.4
profile,278.9
profile,262.4
profile,274.7
profile,306.9
profile,242.6
profile,227.4
profile,223.3
profile,225.5
profile,247.7
profile,260.2
profile,258.3
profile,274.8
profile,250.4
profile,293.6
profile,242.1
profile,331.6
profile,268.8
profile,224.3
profile,217.9
profile,264.5
profile,243.3
profile,271.4
profile,264.2
profile,247.8
profile,224.6
profile,204.6
profile,236.6
profile,275.7
profile,256.4
profile,212.6
profile,255.2
profile,261.6
profile,223.5
profile,254.6
profile,251.7
profile,215.7
